reltime,datetime,iSensor,confidence,heart_rate
0.001,2024/06/05 10:01:42.2929,5,1.0,93.0
0.001,2024/06/05 10:01:42.2929,4,0.0,0.0
0.001,2024/06/05 10:01:42.2929,3,1.0,93.0
0.001,2024/06/05 10:01:42.2929,2,0.0,0.0
0.001,2024/06/05 10:01:42.2929,1,0.0,0.0
0.001,2024/06/05 10:01:42.2929,0,0.0,0.0
0.13,2024/06/05 10:01:42.4219,3,1.0,93.0
0.143,2024/06/05 10:01:42.4349,5,1.0,92.0
0.376,2024/06/05 10:01:42.6679,3,1.0,93.0
0.388,2024/06/05 10:01:42.6799,5,1.0,92.0
0.623,2024/06/05 10:01:42.9149,3,1.0,94.0
0.635,2024/06/05 10:01:42.9269,5,1.0,92.0
0.87,2024/06/05 10:01:43.1619,3,1.0,94.0
1.115,2024/06/05 10:01:43.4069,3,1.0,95.0
1.127,2024/06/05 10:01:43.4189,5,1.0,92.0
1.362,2024/06/05 10:01:43.6539,3,1.0,95.0
1.374,2024/06/05 10:01:43.6659,5,1.0,92.0
1.608,2024/06/05 10:01:43.8999,3,1.0,95.0
1.62,2024/06/05 10:01:43.9119,5,1.0,92.0
1.854,2024/06/05 10:01:44.1459,3,1.0,96.0
1.866,2024/06/05 10:01:44.1579,5,1.0,92.0
2.101,2024/06/05 10:01:44.3929,3,1.0,96.0
2.113,2024/06/05 10:01:44.4049,5,1.0,92.0
2.347,2024/06/05 10:01:44.6389,3,1.0,97.0
2.359,2024/06/05 10:01:44.6509,5,1.0,92.0
2.606,2024/06/05 10:01:44.8979,5,1.0,92.0
2.839,2024/06/05 10:01:45.1309,3,1.0,97.0
2.851,2024/06/05 10:01:45.1429,5,1.0,92.0
3.086,2024/06/05 10:01:45.3779,3,1.0,97.0
3.097,2024/06/05 10:01:45.3889,5,1.0,92.0
3.332,2024/06/05 10:01:45.6239,3,1.0,97.0
3.344,2024/06/05 10:01:45.6359,5,1.0,92.0
3.578,2024/06/05 10:01:45.8699,3,1.0,97.0
3.59,2024/06/05 10:01:45.8819,5,1.0,92.0
3.825,2024/06/05 10:01:46.1169,3,1.0,97.0
3.837,2024/06/05 10:01:46.1289,5,1.0,92.0
4.07,2024/06/05 10:01:46.3619,3,1.0,97.0
4.083,2024/06/05 10:01:46.3749,5,1.0,92.0
4.318,2024/06/05 10:01:46.6099,3,1.0,98.0
4.33,2024/06/05 10:01:46.6219,5,1.0,92.0
4.563,2024/06/05 10:01:46.8549,3,1.0,98.0
4.575,2024/06/05 10:01:46.8669,5,1.0,92.0
4.81,2024/06/05 10:01:47.1019,3,1.0,98.0
4.821,2024/06/05 10:01:47.1129,5,1.0,92.0
5.056,2024/06/05 10:01:47.3479,3,1.0,98.0
5.068,2024/06/05 10:01:47.3599,5,1.0,92.0
5.302,2024/06/05 10:01:47.5939,3,1.0,98.0
5.314,2024/06/05 10:01:47.6059,5,1.0,92.0
5.549,2024/06/05 10:01:47.8409,3,1.0,97.0
5.561,2024/06/05 10:01:47.8529,5,1.0,92.0
5.795,2024/06/05 10:01:48.0869,3,1.0,97.0
5.807,2024/06/05 10:01:48.0989,5,1.0,92.0
6.04,2024/06/05 10:01:48.3319,3,1.0,97.0
6.053,2024/06/05 10:01:48.3449,5,1.0,92.0
6.299,2024/06/05 10:01:48.5909,5,1.0,92.0
6.533,2024/06/05 10:01:48.8249,3,1.0,97.0
6.546,2024/06/05 10:01:48.8379,5,1.0,92.0
6.78,2024/06/05 10:01:49.0719,3,1.0,96.0
7.026,2024/06/05 10:01:49.3179,3,1.0,96.0
7.038,2024/06/05 10:01:49.3299,5,1.0,92.0
7.519,2024/06/05 10:01:49.8109,3,1.0,97.0
7.531,2024/06/05 10:01:49.8229,5,1.0,95.0
7.777,2024/06/05 10:01:50.0689,5,1.0,95.0
8.011,2024/06/05 10:01:50.3029,3,1.0,97.0
8.023,2024/06/05 10:01:50.3149,5,1.0,95.0
8.258,2024/06/05 10:01:50.5499,3,1.0,97.0
8.27,2024/06/05 10:01:50.5619,5,1.0,97.0
8.504,2024/06/05 10:01:50.7959,3,1.0,98.0
8.516,2024/06/05 10:01:50.8079,5,1.0,97.0
8.75,2024/06/05 10:01:51.0419,3,1.0,98.0
8.762,2024/06/05 10:01:51.0539,5,1.0,97.0
8.996,2024/06/05 10:01:51.2879,3,1.0,98.0
9.242,2024/06/05 10:01:51.5339,3,1.0,99.0
9.254,2024/06/05 10:01:51.5459,5,1.0,97.0
9.489,2024/06/05 10:01:51.7809,3,1.0,99.0
9.501,2024/06/05 10:01:51.7929,5,1.0,97.0
9.748,2024/06/05 10:01:52.0399,5,1.0,97.0
9.981,2024/06/05 10:01:52.2729,3,1.0,99.0
9.993,2024/06/05 10:01:52.2849,5,1.0,97.0
10.228,2024/06/05 10:01:52.5199,3,1.0,99.0
10.474,2024/06/05 10:01:52.7659,3,1.0,99.0
10.486,2024/06/05 10:01:52.7779,5,1.0,97.0
10.721,2024/06/05 10:01:53.0129,3,1.0,99.0
10.733,2024/06/05 10:01:53.0249,5,1.0,97.0
10.967,2024/06/05 10:01:53.2589,3,1.0,99.0
10.979,2024/06/05 10:01:53.2709,5,1.0,97.0
11.212,2024/06/05 10:01:53.5039,3,1.0,99.0
11.224,2024/06/05 10:01:53.5159,5,1.0,97.0
11.471,2024/06/05 10:01:53.7629,5,1.0,97.0
11.705,2024/06/05 10:01:53.9969,3,1.0,99.0
11.717,2024/06/05 10:01:54.0089,5,1.0,97.0
11.951,2024/06/05 10:01:54.2429,3,1.0,99.0
11.963,2024/06/05 10:01:54.2549,5,1.0,97.0
12.198,2024/06/05 10:01:54.4899,3,1.0,99.0
12.21,2024/06/05 10:01:54.5019,5,1.0,97.0
12.444,2024/06/05 10:01:54.7359,3,1.0,99.0
12.456,2024/06/05 10:01:54.7479,5,1.0,97.0
12.69,2024/06/05 10:01:54.9819,3,1.0,99.0
12.702,2024/06/05 10:01:54.9939,5,1.0,97.0
12.948,2024/06/05 10:01:55.2399,5,1.0,97.0
13.183,2024/06/05 10:01:55.4749,3,1.0,99.0
13.195,2024/06/05 10:01:55.4869,5,1.0,97.0
13.429,2024/06/05 10:01:55.7209,3,1.0,98.0
13.441,2024/06/05 10:01:55.7329,5,1.0,97.0
13.676,2024/06/05 10:01:55.9679,3,1.0,98.0
13.688,2024/06/05 10:01:55.9799,5,1.0,97.0
13.922,2024/06/05 10:01:56.2139,3,1.0,98.0
13.934,2024/06/05 10:01:56.2259,5,1.0,97.0
14.167,2024/06/05 10:01:56.4589,3,1.0,98.0
14.18,2024/06/05 10:01:56.4719,5,1.0,97.0
14.427,2024/06/05 10:01:56.7189,5,1.0,97.0
14.661,2024/06/05 10:01:56.9529,3,1.0,98.0
14.672,2024/06/05 10:01:56.9639,5,1.0,97.0
14.907,2024/06/05 10:01:57.1989,3,1.0,97.0
14.919,2024/06/05 10:01:57.2109,5,1.0,97.0
15.153,2024/06/05 10:01:57.4449,3,1.0,97.0
15.165,2024/06/05 10:01:57.4569,5,1.0,97.0
15.4,2024/06/05 10:01:57.6919,3,1.0,97.0
15.412,2024/06/05 10:01:57.7039,5,1.0,97.0
15.645,2024/06/05 10:01:57.9369,3,1.0,97.0
15.658,2024/06/05 10:01:57.9499,5,1.0,97.0
15.892,2024/06/05 10:01:58.1839,3,1.0,97.0
15.904,2024/06/05 10:01:58.1959,5,1.0,97.0
16.139,2024/06/05 10:01:58.4309,3,1.0,97.0
16.15,2024/06/05 10:01:58.4419,5,1.0,98.0
16.384,2024/06/05 10:01:58.6759,3,1.0,97.0
16.397,2024/06/05 10:01:58.6889,5,1.0,98.0
16.631,2024/06/05 10:01:58.9229,3,1.0,97.0
16.643,2024/06/05 10:01:58.9349,5,1.0,98.0
16.877,2024/06/05 10:01:59.1689,3,1.0,96.0
16.889,2024/06/05 10:01:59.1809,5,1.0,98.0
17.123,2024/06/05 10:01:59.4149,3,1.0,96.0
17.371,2024/06/05 10:01:59.6629,3,1.0,94.0
17.381,2024/06/05 10:01:59.6729,5,1.0,98.0
17.616,2024/06/05 10:01:59.9079,3,1.0,94.0
17.628,2024/06/05 10:01:59.9199,5,1.0,98.0
17.862,2024/06/05 10:02:00.1539,3,1.0,94.0
17.874,2024/06/05 10:02:00.1659,5,1.0,98.0
18.109,2024/06/05 10:02:00.4009,3,1.0,93.0
18.121,2024/06/05 10:02:00.4129,5,1.0,98.0
18.367,2024/06/05 10:02:00.6589,5,1.0,98.0
18.601,2024/06/05 10:02:00.8929,3,1.0,93.0
18.613,2024/06/05 10:02:00.9049,5,1.0,98.0
18.848,2024/06/05 10:02:01.1399,3,1.0,93.0
18.859,2024/06/05 10:02:01.1509,5,1.0,98.0
19.093,2024/06/05 10:02:01.3849,3,1.0,93.0
19.106,2024/06/05 10:02:01.3979,5,1.0,98.0
19.34,2024/06/05 10:02:01.6319,3,1.0,93.0
19.352,2024/06/05 10:02:01.6439,5,1.0,98.0
19.586,2024/06/05 10:02:01.8779,3,1.0,93.0
19.598,2024/06/05 10:02:01.8899,5,1.0,98.0
19.832,2024/06/05 10:02:02.1239,3,1.0,93.0
19.844,2024/06/05 10:02:02.1359,5,1.0,98.0
20.079,2024/06/05 10:02:02.3709,3,1.0,92.0
20.091,2024/06/05 10:02:02.3829,5,1.0,98.0
20.325,2024/06/05 10:02:02.6169,3,1.0,92.0
20.337,2024/06/05 10:02:02.6289,5,1.0,97.0
20.571,2024/06/05 10:02:02.8629,3,1.0,92.0
20.817,2024/06/05 10:02:03.1089,3,1.0,91.0
20.829,2024/06/05 10:02:03.1209,5,1.0,97.0
21.064,2024/06/05 10:02:03.3559,3,1.0,91.0
21.076,2024/06/05 10:02:03.3679,5,1.0,97.0
21.31,2024/06/05 10:02:03.6019,3,1.0,91.0
21.322,2024/06/05 10:02:03.6139,5,1.0,97.0
21.569,2024/06/05 10:02:03.8609,5,1.0,97.0
21.802,2024/06/05 10:02:04.0939,3,1.0,91.0
21.814,2024/06/05 10:02:04.1059,5,1.0,97.0
22.048,2024/06/05 10:02:04.3399,3,1.0,91.0
22.061,2024/06/05 10:02:04.3529,5,1.0,97.0
22.295,2024/06/05 10:02:04.5869,3,1.0,91.0
22.307,2024/06/05 10:02:04.5989,5,1.0,97.0
22.541,2024/06/05 10:02:04.8329,3,1.0,91.0
22.787,2024/06/05 10:02:05.0789,3,1.0,91.0
22.8,2024/06/05 10:02:05.0919,5,1.0,97.0
23.034,2024/06/05 10:02:05.3259,3,1.0,91.0
23.046,2024/06/05 10:02:05.3379,5,1.0,97.0
23.527,2024/06/05 10:02:05.8189,3,1.0,91.0
23.539,2024/06/05 10:02:05.8309,5,1.0,97.0
23.773,2024/06/05 10:02:06.0649,3,1.0,91.0
23.785,2024/06/05 10:02:06.0769,5,1.0,97.0
24.019,2024/06/05 10:02:06.3109,3,1.0,91.0
24.031,2024/06/05 10:02:06.3229,5,1.0,97.0
24.277,2024/06/05 10:02:06.5689,5,1.0,97.0
24.512,2024/06/05 10:02:06.8039,3,1.0,90.0
24.524,2024/06/05 10:02:06.8159,5,1.0,97.0
24.757,2024/06/05 10:02:07.0489,3,1.0,90.0
24.77,2024/06/05 10:02:07.0619,5,1.0,97.0
25.016,2024/06/05 10:02:07.3079,5,1.0,97.0
25.25,2024/06/05 10:02:07.5419,3,1.0,90.0
25.262,2024/06/05 10:02:07.5539,5,1.0,93.0
25.497,2024/06/05 10:02:07.7889,3,1.0,90.0
25.509,2024/06/05 10:02:07.8009,5,1.0,93.0
25.743,2024/06/05 10:02:08.0349,3,1.0,90.0
25.755,2024/06/05 10:02:08.0469,5,1.0,93.0
25.989,2024/06/05 10:02:08.2809,3,1.0,90.0
26.001,2024/06/05 10:02:08.2929,5,1.0,93.0
26.235,2024/06/05 10:02:08.5269,3,1.0,90.0
26.482,2024/06/05 10:02:08.7739,3,1.0,90.0
26.494,2024/06/05 10:02:08.7859,5,1.0,90.0
26.74,2024/06/05 10:02:09.0319,5,1.0,90.0
26.974,2024/06/05 10:02:09.2659,3,1.0,90.0
26.987,2024/06/05 10:02:09.2789,5,1.0,90.0
27.22,2024/06/05 10:02:09.5119,3,1.0,90.0
27.232,2024/06/05 10:02:09.5239,5,1.0,90.0
27.467,2024/06/05 10:02:09.7589,3,1.0,90.0
27.479,2024/06/05 10:02:09.7709,5,1.0,90.0
27.713,2024/06/05 10:02:10.0049,3,1.0,90.0
27.726,2024/06/05 10:02:10.0179,5,1.0,90.0
27.959,2024/06/05 10:02:10.2509,3,1.0,90.0
27.971,2024/06/05 10:02:10.2629,5,1.0,90.0
28.205,2024/06/05 10:02:10.4969,3,1.0,91.0
28.452,2024/06/05 10:02:10.7439,3,1.0,91.0
28.464,2024/06/05 10:02:10.7559,5,1.0,89.0
28.698,2024/06/05 10:02:10.9899,3,1.0,91.0
28.711,2024/06/05 10:02:11.0029,5,1.0,89.0
28.944,2024/06/05 10:02:11.2359,3,1.0,91.0
28.956,2024/06/05 10:02:11.2479,5,1.0,89.0
29.19,2024/06/05 10:02:11.4819,3,1.0,91.0
29.203,2024/06/05 10:02:11.4949,5,1.0,89.0
29.437,2024/06/05 10:02:11.7289,3,1.0,92.0
29.45,2024/06/05 10:02:11.7419,5,1.0,89.0
29.683,2024/06/05 10:02:11.9749,3,1.0,92.0
29.695,2024/06/05 10:02:11.9869,5,1.0,89.0
29.942,2024/06/05 10:02:12.2339,5,1.0,89.0
30.188,2024/06/05 10:02:12.4799,5,1.0,87.0
30.422,2024/06/05 10:02:12.7139,3,1.0,91.0
30.434,2024/06/05 10:02:12.7259,5,1.0,87.0
30.914,2024/06/05 10:02:13.2059,3,1.0,91.0
30.927,2024/06/05 10:02:13.2189,5,1.0,87.0
31.161,2024/06/05 10:02:13.4529,3,1.0,91.0
31.172,2024/06/05 10:02:13.4639,5,1.0,87.0
31.407,2024/06/05 10:02:13.6989,3,1.0,91.0
31.419,2024/06/05 10:02:13.7109,5,1.0,87.0
31.654,2024/06/05 10:02:13.9459,3,1.0,91.0
31.666,2024/06/05 10:02:13.9579,5,1.0,87.0
31.9,2024/06/05 10:02:14.1919,3,1.0,91.0
31.912,2024/06/05 10:02:14.2039,5,1.0,87.0
32.145,2024/06/05 10:02:14.4369,3,1.0,91.0
32.158,2024/06/05 10:02:14.4499,5,1.0,89.0
32.404,2024/06/05 10:02:14.6959,5,1.0,89.0
32.638,2024/06/05 10:02:14.9299,3,1.0,91.0
32.65,2024/06/05 10:02:14.9419,5,1.0,89.0
32.884,2024/06/05 10:02:15.1759,3,1.0,91.0
33.131,2024/06/05 10:02:15.4229,3,1.0,91.0
33.144,2024/06/05 10:02:15.4359,5,1.0,89.0
33.377,2024/06/05 10:02:15.6689,3,1.0,91.0
33.389,2024/06/05 10:02:15.6809,5,1.0,89.0
33.636,2024/06/05 10:02:15.9279,5,1.0,89.0
33.87,2024/06/05 10:02:16.1619,3,1.0,91.0
33.882,2024/06/05 10:02:16.1739,5,1.0,89.0
34.116,2024/06/05 10:02:16.4079,3,1.0,92.0
34.129,2024/06/05 10:02:16.4209,5,1.0,89.0
34.362,2024/06/05 10:02:16.6539,3,1.0,92.0
34.375,2024/06/05 10:02:16.6669,5,1.0,89.0
34.609,2024/06/05 10:02:16.9009,3,1.0,91.0
34.62,2024/06/05 10:02:16.9119,5,1.0,89.0
34.855,2024/06/05 10:02:17.1469,3,1.0,91.0
34.867,2024/06/05 10:02:17.1589,5,1.0,89.0
35.102,2024/06/05 10:02:17.3939,3,1.0,91.0
35.113,2024/06/05 10:02:17.4049,5,1.0,89.0
35.351,2024/06/05 10:02:17.6429,3,1.0,91.0
35.36,2024/06/05 10:02:17.6519,5,1.0,89.0
35.593,2024/06/05 10:02:17.8849,3,1.0,91.0
35.606,2024/06/05 10:02:17.8979,5,1.0,89.0
35.853,2024/06/05 10:02:18.1449,5,1.0,89.0
36.086,2024/06/05 10:02:18.3779,3,1.0,92.0
36.099,2024/06/05 10:02:18.3909,5,1.0,89.0
36.345,2024/06/05 10:02:18.6369,5,1.0,90.0
36.578,2024/06/05 10:02:18.8699,3,1.0,92.0
36.838,2024/06/05 10:02:19.1299,5,1.0,90.0
37.072,2024/06/05 10:02:19.3639,3,1.0,92.0
37.084,2024/06/05 10:02:19.3759,5,1.0,90.0
37.318,2024/06/05 10:02:19.6099,3,1.0,92.0
37.33,2024/06/05 10:02:19.6219,5,1.0,90.0
37.564,2024/06/05 10:02:19.8559,3,1.0,92.0
37.577,2024/06/05 10:02:19.8689,5,1.0,90.0
37.81,2024/06/05 10:02:20.1019,3,1.0,92.0
37.822,2024/06/05 10:02:20.1139,5,1.0,90.0
38.056,2024/06/05 10:02:20.3479,3,1.0,91.0
38.069,2024/06/05 10:02:20.3609,5,1.0,90.0
38.302,2024/06/05 10:02:20.5939,3,1.0,91.0
38.315,2024/06/05 10:02:20.6069,5,1.0,90.0
38.549,2024/06/05 10:02:20.8409,3,1.0,91.0
38.796,2024/06/05 10:02:21.0879,3,1.0,90.0
38.807,2024/06/05 10:02:21.0989,5,1.0,90.0
39.041,2024/06/05 10:02:21.3329,3,1.0,90.0
39.053,2024/06/05 10:02:21.3449,5,1.0,90.0
39.288,2024/06/05 10:02:21.5799,3,1.0,90.0
39.3,2024/06/05 10:02:21.5919,5,1.0,90.0
39.534,2024/06/05 10:02:21.8259,3,1.0,90.0
39.546,2024/06/05 10:02:21.8379,5,1.0,90.0
39.78,2024/06/05 10:02:22.0719,3,1.0,90.0
39.793,2024/06/05 10:02:22.0849,5,1.0,90.0
40.026,2024/06/05 10:02:22.3179,3,1.0,90.0
40.273,2024/06/05 10:02:22.5649,3,1.0,90.0
40.286,2024/06/05 10:02:22.5779,5,1.0,90.0
40.519,2024/06/05 10:02:22.8109,3,1.0,90.0
40.531,2024/06/05 10:02:22.8229,5,1.0,90.0
40.765,2024/06/05 10:02:23.0569,3,1.0,90.0
40.778,2024/06/05 10:02:23.0699,5,1.0,90.0
41.012,2024/06/05 10:02:23.3039,3,1.0,90.0
41.024,2024/06/05 10:02:23.3159,5,1.0,90.0
41.257,2024/06/05 10:02:23.5489,3,1.0,90.0
41.27,2024/06/05 10:02:23.5619,5,1.0,89.0
41.504,2024/06/05 10:02:23.7959,3,1.0,89.0
41.517,2024/06/05 10:02:23.8089,5,1.0,89.0
41.75,2024/06/05 10:02:24.0419,3,1.0,89.0
41.763,2024/06/05 10:02:24.0549,5,1.0,89.0
41.997,2024/06/05 10:02:24.2889,3,1.0,89.0
42.009,2024/06/05 10:02:24.3009,5,1.0,89.0
42.243,2024/06/05 10:02:24.5349,3,1.0,89.0
42.256,2024/06/05 10:02:24.5479,5,1.0,89.0
42.489,2024/06/05 10:02:24.7809,3,1.0,89.0
42.502,2024/06/05 10:02:24.7939,5,1.0,89.0
42.748,2024/06/05 10:02:25.0399,5,1.0,89.0
42.981,2024/06/05 10:02:25.2729,3,1.0,89.0
42.994,2024/06/05 10:02:25.2859,5,1.0,89.0
43.228,2024/06/05 10:02:25.5199,3,1.0,89.0
43.24,2024/06/05 10:02:25.5319,5,1.0,89.0
43.474,2024/06/05 10:02:25.7659,3,1.0,89.0
43.487,2024/06/05 10:02:25.7789,5,1.0,89.0
43.72,2024/06/05 10:02:26.0119,3,1.0,89.0
43.733,2024/06/05 10:02:26.0249,5,1.0,89.0
43.967,2024/06/05 10:02:26.2589,3,1.0,89.0
43.98,2024/06/05 10:02:26.2719,5,1.0,89.0
44.459,2024/06/05 10:02:26.7509,3,1.0,89.0
44.472,2024/06/05 10:02:26.7639,5,1.0,89.0
44.706,2024/06/05 10:02:26.9979,3,1.0,89.0
44.719,2024/06/05 10:02:27.0109,5,1.0,89.0
44.952,2024/06/05 10:02:27.2439,3,1.0,89.0
44.965,2024/06/05 10:02:27.2569,5,1.0,89.0
45.198,2024/06/05 10:02:27.4899,3,1.0,89.0
45.457,2024/06/05 10:02:27.7489,5,1.0,89.0
45.69,2024/06/05 10:02:27.9819,3,1.0,88.0
45.937,2024/06/05 10:02:28.2289,3,1.0,88.0
45.949,2024/06/05 10:02:28.2409,5,1.0,89.0
46.196,2024/06/05 10:02:28.4879,5,1.0,89.0
46.429,2024/06/05 10:02:28.7209,3,1.0,89.0
46.442,2024/06/05 10:02:28.7339,5,1.0,89.0
46.675,2024/06/05 10:02:28.9669,3,1.0,89.0
46.688,2024/06/05 10:02:28.9799,5,1.0,89.0
46.922,2024/06/05 10:02:29.2139,3,1.0,89.0
46.935,2024/06/05 10:02:29.2269,5,1.0,89.0
47.168,2024/06/05 10:02:29.4599,3,1.0,89.0
47.181,2024/06/05 10:02:29.4729,5,1.0,89.0
47.415,2024/06/05 10:02:29.7069,3,1.0,89.0
47.427,2024/06/05 10:02:29.7189,5,1.0,89.0
47.661,2024/06/05 10:02:29.9529,3,1.0,89.0
47.673,2024/06/05 10:02:29.9649,5,1.0,89.0
47.908,2024/06/05 10:02:30.1999,3,1.0,89.0
47.92,2024/06/05 10:02:30.2119,5,1.0,89.0
48.153,2024/06/05 10:02:30.4449,3,1.0,89.0
48.166,2024/06/05 10:02:30.4579,5,1.0,88.0
48.4,2024/06/05 10:02:30.6919,3,1.0,89.0
48.413,2024/06/05 10:02:30.7049,5,1.0,88.0
48.646,2024/06/05 10:02:30.9379,3,1.0,89.0
48.659,2024/06/05 10:02:30.9509,5,1.0,88.0
48.892,2024/06/05 10:02:31.1839,3,1.0,89.0
48.905,2024/06/05 10:02:31.1969,5,1.0,88.0
49.139,2024/06/05 10:02:31.4309,3,1.0,89.0
49.151,2024/06/05 10:02:31.4429,5,1.0,87.0
49.384,2024/06/05 10:02:31.6759,3,1.0,89.0
49.397,2024/06/05 10:02:31.6889,5,1.0,87.0
49.631,2024/06/05 10:02:31.9229,3,1.0,89.0
49.644,2024/06/05 10:02:31.9359,5,1.0,87.0
49.89,2024/06/05 10:02:32.1819,5,1.0,87.0
50.124,2024/06/05 10:02:32.4159,3,1.0,89.0
50.136,2024/06/05 10:02:32.4279,5,1.0,87.0
50.37,2024/06/05 10:02:32.6619,3,1.0,89.0
50.382,2024/06/05 10:02:32.6739,5,1.0,87.0
50.616,2024/06/05 10:02:32.9079,3,1.0,89.0
50.629,2024/06/05 10:02:32.9209,5,1.0,87.0
50.875,2024/06/05 10:02:33.1669,5,1.0,87.0
51.109,2024/06/05 10:02:33.4009,3,1.0,89.0
51.121,2024/06/05 10:02:33.4129,5,1.0,87.0
51.355,2024/06/05 10:02:33.6469,3,1.0,89.0
51.367,2024/06/05 10:02:33.6589,5,1.0,87.0
51.602,2024/06/05 10:02:33.8939,3,1.0,90.0
51.614,2024/06/05 10:02:33.9059,5,1.0,87.0
51.86,2024/06/05 10:02:34.1519,5,1.0,87.0
52.094,2024/06/05 10:02:34.3859,3,1.0,89.0
52.106,2024/06/05 10:02:34.3979,5,1.0,87.0
52.34,2024/06/05 10:02:34.6319,3,1.0,89.0
52.352,2024/06/05 10:02:34.6439,5,1.0,87.0
52.586,2024/06/05 10:02:34.8779,3,1.0,89.0
52.599,2024/06/05 10:02:34.8909,5,1.0,87.0
52.832,2024/06/05 10:02:35.1239,3,1.0,89.0
52.845,2024/06/05 10:02:35.1369,5,1.0,87.0
53.079,2024/06/05 10:02:35.3709,3,1.0,89.0
53.092,2024/06/05 10:02:35.3839,5,1.0,87.0
53.325,2024/06/05 10:02:35.6169,3,1.0,89.0
53.338,2024/06/05 10:02:35.6299,5,1.0,88.0
53.571,2024/06/05 10:02:35.8629,3,1.0,90.0
53.584,2024/06/05 10:02:35.8759,5,1.0,88.0
53.817,2024/06/05 10:02:36.1089,3,1.0,90.0
53.83,2024/06/05 10:02:36.1219,5,1.0,88.0
54.064,2024/06/05 10:02:36.3559,3,1.0,90.0
54.076,2024/06/05 10:02:36.3679,5,1.0,88.0
54.31,2024/06/05 10:02:36.6019,3,1.0,90.0
54.323,2024/06/05 10:02:36.6149,5,1.0,88.0
54.557,2024/06/05 10:02:36.8489,3,1.0,90.0
54.569,2024/06/05 10:02:36.8609,5,1.0,88.0
54.803,2024/06/05 10:02:37.0949,3,1.0,90.0
54.816,2024/06/05 10:02:37.1079,5,1.0,88.0
55.049,2024/06/05 10:02:37.3409,3,1.0,90.0
55.062,2024/06/05 10:02:37.3539,5,1.0,88.0
55.308,2024/06/05 10:02:37.5999,5,1.0,88.0
55.542,2024/06/05 10:02:37.8339,3,1.0,90.0
55.554,2024/06/05 10:02:37.8459,5,1.0,88.0
55.788,2024/06/05 10:02:38.0799,3,1.0,90.0
55.801,2024/06/05 10:02:38.0929,5,1.0,88.0
56.034,2024/06/05 10:02:38.3259,3,1.0,90.0
56.28,2024/06/05 10:02:38.5719,3,1.0,90.0
56.293,2024/06/05 10:02:38.5849,5,1.0,88.0
56.527,2024/06/05 10:02:38.8189,3,1.0,90.0
56.54,2024/06/05 10:02:38.8319,5,1.0,88.0
56.773,2024/06/05 10:02:39.0649,3,1.0,90.0
56.785,2024/06/05 10:02:39.0769,5,1.0,88.0
57.019,2024/06/05 10:02:39.3109,3,1.0,90.0
57.032,2024/06/05 10:02:39.3239,5,1.0,88.0
57.265,2024/06/05 10:02:39.5569,3,1.0,90.0
57.278,2024/06/05 10:02:39.5699,5,1.0,88.0
57.511,2024/06/05 10:02:39.8029,3,1.0,90.0
57.524,2024/06/05 10:02:39.8159,5,1.0,88.0
57.758,2024/06/05 10:02:40.0499,3,1.0,90.0
57.771,2024/06/05 10:02:40.0629,5,1.0,88.0
58.005,2024/06/05 10:02:40.2969,3,1.0,90.0
58.018,2024/06/05 10:02:40.3099,5,1.0,88.0
58.25,2024/06/05 10:02:40.5419,3,1.0,89.0
58.263,2024/06/05 10:02:40.5549,5,1.0,88.0
58.497,2024/06/05 10:02:40.7889,3,1.0,89.0
58.509,2024/06/05 10:02:40.8009,5,1.0,88.0
58.743,2024/06/05 10:02:41.0349,3,1.0,89.0
58.756,2024/06/05 10:02:41.0479,5,1.0,88.0
59.003,2024/06/05 10:02:41.2949,5,1.0,88.0
59.235,2024/06/05 10:02:41.5269,3,1.0,89.0
59.248,2024/06/05 10:02:41.5399,5,1.0,89.0
59.482,2024/06/05 10:02:41.7739,3,1.0,89.0
59.73,2024/06/05 10:02:42.0219,3,1.0,88.0
59.741,2024/06/05 10:02:42.0329,5,1.0,89.0
59.975,2024/06/05 10:02:42.2669,3,1.0,88.0
59.987,2024/06/05 10:02:42.2789,5,1.0,89.0
60.22,2024/06/05 10:02:42.5119,3,1.0,89.0
60.233,2024/06/05 10:02:42.5249,5,1.0,89.0
60.467,2024/06/05 10:02:42.7589,3,1.0,89.0
60.48,2024/06/05 10:02:42.7719,5,1.0,89.0
60.713,2024/06/05 10:02:43.0049,3,1.0,89.0
60.726,2024/06/05 10:02:43.0179,5,1.0,89.0
60.96,2024/06/05 10:02:43.2519,3,1.0,89.0
60.973,2024/06/05 10:02:43.2649,5,1.0,89.0
61.206,2024/06/05 10:02:43.4979,3,1.0,89.0
61.219,2024/06/05 10:02:43.5109,5,1.0,89.0
61.699,2024/06/05 10:02:43.9909,3,1.0,89.0
61.712,2024/06/05 10:02:44.0039,5,1.0,89.0
61.945,2024/06/05 10:02:44.2369,3,1.0,89.0
61.957,2024/06/05 10:02:44.2489,5,1.0,89.0
62.203,2024/06/05 10:02:44.4949,5,1.0,89.0
62.437,2024/06/05 10:02:44.7289,3,1.0,89.0
62.45,2024/06/05 10:02:44.7419,5,1.0,89.0
62.683,2024/06/05 10:02:44.9749,3,1.0,89.0
62.696,2024/06/05 10:02:44.9879,5,1.0,89.0
62.93,2024/06/05 10:02:45.2219,3,1.0,89.0
62.943,2024/06/05 10:02:45.2349,5,1.0,89.0
63.176,2024/06/05 10:02:45.4679,3,1.0,89.0
63.189,2024/06/05 10:02:45.4809,5,1.0,89.0
63.435,2024/06/05 10:02:45.7269,5,1.0,89.0
63.669,2024/06/05 10:02:45.9609,3,1.0,89.0
63.682,2024/06/05 10:02:45.9739,5,1.0,89.0
63.915,2024/06/05 10:02:46.2069,3,1.0,89.0
64.161,2024/06/05 10:02:46.4529,3,1.0,90.0
64.174,2024/06/05 10:02:46.4659,5,1.0,89.0
64.408,2024/06/05 10:02:46.6999,3,1.0,90.0
64.421,2024/06/05 10:02:46.7129,5,1.0,89.0
64.666,2024/06/05 10:02:46.9579,5,1.0,89.0
64.9,2024/06/05 10:02:47.1919,3,1.0,90.0
64.912,2024/06/05 10:02:47.2039,5,1.0,89.0
65.147,2024/06/05 10:02:47.4389,3,1.0,90.0
65.159,2024/06/05 10:02:47.4509,5,1.0,89.0
65.392,2024/06/05 10:02:47.6839,3,1.0,91.0
65.405,2024/06/05 10:02:47.6969,5,1.0,89.0
65.652,2024/06/05 10:02:47.9439,5,1.0,89.0
65.885,2024/06/05 10:02:48.1769,3,1.0,91.0
65.898,2024/06/05 10:02:48.1899,5,1.0,89.0
66.131,2024/06/05 10:02:48.4229,3,1.0,92.0
66.377,2024/06/05 10:02:48.6689,3,1.0,92.0
66.636,2024/06/05 10:02:48.9279,5,1.0,89.0
66.87,2024/06/05 10:02:49.1619,3,1.0,93.0
67.116,2024/06/05 10:02:49.4079,3,1.0,93.0
67.129,2024/06/05 10:02:49.4209,5,1.0,89.0
67.363,2024/06/05 10:02:49.6549,3,1.0,93.0
67.376,2024/06/05 10:02:49.6679,5,1.0,89.0
67.609,2024/06/05 10:02:49.9009,3,1.0,93.0
67.855,2024/06/05 10:02:50.1469,3,1.0,93.0
67.868,2024/06/05 10:02:50.1599,5,1.0,89.0
68.101,2024/06/05 10:02:50.3929,3,1.0,94.0
68.114,2024/06/05 10:02:50.4059,5,1.0,89.0
68.348,2024/06/05 10:02:50.6399,3,1.0,94.0
68.361,2024/06/05 10:02:50.6529,5,1.0,89.0
68.594,2024/06/05 10:02:50.8859,3,1.0,94.0
68.607,2024/06/05 10:02:50.8989,5,1.0,89.0
68.84,2024/06/05 10:02:51.1319,3,1.0,93.0
68.853,2024/06/05 10:02:51.1449,5,1.0,89.0
69.086,2024/06/05 10:02:51.3779,3,1.0,93.0
69.099,2024/06/05 10:02:51.3909,5,1.0,89.0
69.333,2024/06/05 10:02:51.6249,3,1.0,92.0
69.345,2024/06/05 10:02:51.6369,5,1.0,89.0
69.579,2024/06/05 10:02:51.8709,3,1.0,92.0
69.592,2024/06/05 10:02:51.8839,5,1.0,89.0
69.826,2024/06/05 10:02:52.1179,3,1.0,92.0
69.839,2024/06/05 10:02:52.1309,5,1.0,89.0
70.072,2024/06/05 10:02:52.3639,3,1.0,92.0
70.085,2024/06/05 10:02:52.3769,5,1.0,89.0
70.318,2024/06/05 10:02:52.6099,3,1.0,92.0
70.331,2024/06/05 10:02:52.6229,5,1.0,90.0
70.565,2024/06/05 10:02:52.8569,3,1.0,91.0
70.81,2024/06/05 10:02:53.1019,3,1.0,91.0
70.823,2024/06/05 10:02:53.1149,5,1.0,90.0
71.057,2024/06/05 10:02:53.3489,3,1.0,91.0
71.07,2024/06/05 10:02:53.3619,5,1.0,90.0
71.316,2024/06/05 10:02:53.6079,5,1.0,91.0
71.549,2024/06/05 10:02:53.8409,3,1.0,91.0
71.796,2024/06/05 10:02:54.0879,3,1.0,91.0
71.809,2024/06/05 10:02:54.1009,5,1.0,91.0
72.042,2024/06/05 10:02:54.3339,3,1.0,92.0
72.055,2024/06/05 10:02:54.3469,5,1.0,91.0
72.288,2024/06/05 10:02:54.5799,3,1.0,92.0
72.301,2024/06/05 10:02:54.5929,5,1.0,92.0
72.547,2024/06/05 10:02:54.8389,5,1.0,92.0
72.781,2024/06/05 10:02:55.0729,3,1.0,92.0
72.794,2024/06/05 10:02:55.0859,5,1.0,92.0
73.027,2024/06/05 10:02:55.3189,3,1.0,92.0
73.04,2024/06/05 10:02:55.3319,5,1.0,92.0
73.273,2024/06/05 10:02:55.5649,3,1.0,92.0
73.286,2024/06/05 10:02:55.5779,5,1.0,92.0
73.52,2024/06/05 10:02:55.8119,3,1.0,92.0
73.532,2024/06/05 10:02:55.8239,5,1.0,92.0
73.765,2024/06/05 10:02:56.0569,3,1.0,92.0
73.778,2024/06/05 10:02:56.0699,5,1.0,92.0
74.012,2024/06/05 10:02:56.3039,3,1.0,92.0
74.025,2024/06/05 10:02:56.3169,5,1.0,92.0
74.258,2024/06/05 10:02:56.5499,3,1.0,92.0
74.271,2024/06/05 10:02:56.5629,5,1.0,92.0
74.504,2024/06/05 10:02:56.7959,3,1.0,92.0
74.517,2024/06/05 10:02:56.8089,5,1.0,92.0
74.751,2024/06/05 10:02:57.0429,3,1.0,92.0
74.764,2024/06/05 10:02:57.0559,5,1.0,92.0
74.997,2024/06/05 10:02:57.2889,3,1.0,92.0
75.01,2024/06/05 10:02:57.3019,5,1.0,92.0
75.243,2024/06/05 10:02:57.5349,3,1.0,93.0
75.256,2024/06/05 10:02:57.5479,5,1.0,92.0
75.489,2024/06/05 10:02:57.7809,3,1.0,93.0
75.736,2024/06/05 10:02:58.0279,3,1.0,93.0
75.749,2024/06/05 10:02:58.0409,5,1.0,92.0
75.985,2024/06/05 10:02:58.2769,3,1.0,93.0
75.995,2024/06/05 10:02:58.2869,5,1.0,92.0
76.229,2024/06/05 10:02:58.5209,3,1.0,93.0
76.475,2024/06/05 10:02:58.7669,3,1.0,93.0
76.488,2024/06/05 10:02:58.7799,5,1.0,92.0
76.721,2024/06/05 10:02:59.0129,3,1.0,93.0
76.734,2024/06/05 10:02:59.0259,5,1.0,92.0
76.967,2024/06/05 10:02:59.2589,3,1.0,93.0
76.98,2024/06/05 10:02:59.2719,5,1.0,92.0
77.213,2024/06/05 10:02:59.5049,3,1.0,92.0
77.227,2024/06/05 10:02:59.5189,5,1.0,92.0
77.461,2024/06/05 10:02:59.7529,3,1.0,92.0
77.473,2024/06/05 10:02:59.7649,5,1.0,92.0
77.706,2024/06/05 10:02:59.9979,3,1.0,92.0
77.719,2024/06/05 10:03:00.0109,5,1.0,92.0
77.952,2024/06/05 10:03:00.2439,3,1.0,92.0
77.965,2024/06/05 10:03:00.2569,5,1.0,92.0
78.199,2024/06/05 10:03:00.4909,3,1.0,92.0
78.212,2024/06/05 10:03:00.5039,5,1.0,91.0
78.445,2024/06/05 10:03:00.7369,3,1.0,92.0
78.458,2024/06/05 10:03:00.7499,5,1.0,91.0
78.691,2024/06/05 10:03:00.9829,3,1.0,91.0
78.704,2024/06/05 10:03:00.9959,5,1.0,91.0
78.938,2024/06/05 10:03:01.2299,3,1.0,91.0
78.951,2024/06/05 10:03:01.2429,5,1.0,91.0
79.184,2024/06/05 10:03:01.4759,3,1.0,91.0
79.197,2024/06/05 10:03:01.4889,5,1.0,91.0
79.43,2024/06/05 10:03:01.7219,3,1.0,91.0
79.443,2024/06/05 10:03:01.7349,5,1.0,91.0
79.676,2024/06/05 10:03:01.9679,3,1.0,91.0
79.69,2024/06/05 10:03:01.9819,5,1.0,91.0
79.923,2024/06/05 10:03:02.2149,3,1.0,90.0
80.169,2024/06/05 10:03:02.4609,3,1.0,90.0
80.182,2024/06/05 10:03:02.4739,5,1.0,91.0
80.415,2024/06/05 10:03:02.7069,3,1.0,90.0
80.428,2024/06/05 10:03:02.7199,5,1.0,91.0
80.661,2024/06/05 10:03:02.9529,3,1.0,89.0
80.674,2024/06/05 10:03:02.9659,5,1.0,91.0
80.908,2024/06/05 10:03:03.1999,3,1.0,89.0
80.921,2024/06/05 10:03:03.2129,5,1.0,91.0
81.154,2024/06/05 10:03:03.4459,3,1.0,89.0
81.167,2024/06/05 10:03:03.4589,5,1.0,91.0
81.4,2024/06/05 10:03:03.6919,3,1.0,89.0
81.413,2024/06/05 10:03:03.7049,5,1.0,91.0
81.66,2024/06/05 10:03:03.9519,5,1.0,91.0
81.906,2024/06/05 10:03:04.1979,5,1.0,91.0
82.139,2024/06/05 10:03:04.4309,3,1.0,90.0
82.152,2024/06/05 10:03:04.4439,5,1.0,91.0
82.385,2024/06/05 10:03:04.6769,3,1.0,90.0
82.398,2024/06/05 10:03:04.6899,5,1.0,91.0
82.632,2024/06/05 10:03:04.9239,3,1.0,90.0
82.645,2024/06/05 10:03:04.9369,5,1.0,91.0
82.878,2024/06/05 10:03:05.1699,3,1.0,90.0
82.891,2024/06/05 10:03:05.1829,5,1.0,91.0
83.124,2024/06/05 10:03:05.4159,3,1.0,91.0
83.137,2024/06/05 10:03:05.4289,5,1.0,91.0
83.37,2024/06/05 10:03:05.6619,3,1.0,91.0
83.383,2024/06/05 10:03:05.6749,5,1.0,91.0
83.617,2024/06/05 10:03:05.9089,3,1.0,91.0
83.63,2024/06/05 10:03:05.9219,5,1.0,91.0
83.863,2024/06/05 10:03:06.1549,3,1.0,91.0
83.876,2024/06/05 10:03:06.1679,5,1.0,91.0
84.11,2024/06/05 10:03:06.4019,3,1.0,91.0
84.122,2024/06/05 10:03:06.4139,5,1.0,91.0
84.355,2024/06/05 10:03:06.6469,3,1.0,91.0
84.368,2024/06/05 10:03:06.6599,5,1.0,90.0
84.602,2024/06/05 10:03:06.8939,3,1.0,91.0
84.615,2024/06/05 10:03:06.9069,5,1.0,90.0
84.848,2024/06/05 10:03:07.1399,3,1.0,91.0
84.861,2024/06/05 10:03:07.1529,5,1.0,90.0
85.107,2024/06/05 10:03:07.3989,5,1.0,90.0
85.34,2024/06/05 10:03:07.6319,3,1.0,91.0
85.354,2024/06/05 10:03:07.6459,5,1.0,90.0
85.586,2024/06/05 10:03:07.8779,3,1.0,91.0
85.6,2024/06/05 10:03:07.8919,5,1.0,90.0
85.833,2024/06/05 10:03:08.1249,3,1.0,91.0
86.08,2024/06/05 10:03:08.3719,3,1.0,91.0
86.093,2024/06/05 10:03:08.3849,5,1.0,90.0
86.325,2024/06/05 10:03:08.6169,3,1.0,91.0
86.338,2024/06/05 10:03:08.6299,5,1.0,90.0
86.572,2024/06/05 10:03:08.8639,3,1.0,92.0
86.585,2024/06/05 10:03:08.8769,5,1.0,90.0
86.818,2024/06/05 10:03:09.1099,3,1.0,92.0
86.831,2024/06/05 10:03:09.1229,5,1.0,90.0
87.064,2024/06/05 10:03:09.3559,3,1.0,92.0
87.078,2024/06/05 10:03:09.3699,5,1.0,90.0
87.311,2024/06/05 10:03:09.6029,3,1.0,92.0
87.323,2024/06/05 10:03:09.6149,5,1.0,90.0
87.557,2024/06/05 10:03:09.8489,3,1.0,92.0
87.57,2024/06/05 10:03:09.8619,5,1.0,90.0
87.803,2024/06/05 10:03:10.0949,3,1.0,92.0
87.816,2024/06/05 10:03:10.1079,5,1.0,90.0
88.049,2024/06/05 10:03:10.3409,3,1.0,92.0
88.062,2024/06/05 10:03:10.3539,5,1.0,90.0
88.296,2024/06/05 10:03:10.5879,3,1.0,92.0
88.309,2024/06/05 10:03:10.6009,5,1.0,90.0
88.555,2024/06/05 10:03:10.8469,5,1.0,90.0
88.789,2024/06/05 10:03:11.0809,3,1.0,92.0
88.802,2024/06/05 10:03:11.0939,5,1.0,90.0
89.034,2024/06/05 10:03:11.3259,3,1.0,92.0
89.048,2024/06/05 10:03:11.3399,5,1.0,90.0
89.281,2024/06/05 10:03:11.5729,3,1.0,92.0
89.294,2024/06/05 10:03:11.5859,5,1.0,90.0
89.527,2024/06/05 10:03:11.8189,3,1.0,92.0
89.54,2024/06/05 10:03:11.8319,5,1.0,90.0
89.774,2024/06/05 10:03:12.0659,3,1.0,92.0
89.787,2024/06/05 10:03:12.0789,5,1.0,90.0
90.02,2024/06/05 10:03:12.3119,3,1.0,92.0
90.033,2024/06/05 10:03:12.3249,5,1.0,90.0
90.265,2024/06/05 10:03:12.5569,3,1.0,92.0
90.279,2024/06/05 10:03:12.5709,5,1.0,90.0
90.512,2024/06/05 10:03:12.8039,3,1.0,92.0
90.525,2024/06/05 10:03:12.8169,5,1.0,90.0
90.759,2024/06/05 10:03:13.0509,3,1.0,92.0
90.772,2024/06/05 10:03:13.0639,5,1.0,90.0
91.004,2024/06/05 10:03:13.2959,3,1.0,92.0
91.018,2024/06/05 10:03:13.3099,5,1.0,90.0
91.251,2024/06/05 10:03:13.5429,3,1.0,92.0
91.264,2024/06/05 10:03:13.5559,5,1.0,91.0
91.497,2024/06/05 10:03:13.7889,3,1.0,92.0
91.511,2024/06/05 10:03:13.8029,5,1.0,91.0
91.744,2024/06/05 10:03:14.0359,3,1.0,92.0
91.757,2024/06/05 10:03:14.0489,5,1.0,91.0
92.003,2024/06/05 10:03:14.2949,5,1.0,91.0
92.236,2024/06/05 10:03:14.5279,3,1.0,92.0
92.249,2024/06/05 10:03:14.5409,5,1.0,91.0
92.495,2024/06/05 10:03:14.7869,5,1.0,91.0
92.728,2024/06/05 10:03:15.0199,3,1.0,91.0
92.742,2024/06/05 10:03:15.0339,5,1.0,91.0
92.975,2024/06/05 10:03:15.2669,3,1.0,91.0
92.989,2024/06/05 10:03:15.2809,5,1.0,91.0
93.221,2024/06/05 10:03:15.5129,3,1.0,91.0
93.234,2024/06/05 10:03:15.5259,5,1.0,91.0
93.467,2024/06/05 10:03:15.7589,3,1.0,91.0
93.714,2024/06/05 10:03:16.0059,3,1.0,91.0
93.727,2024/06/05 10:03:16.0189,5,1.0,91.0
93.96,2024/06/05 10:03:16.2519,3,1.0,91.0
93.973,2024/06/05 10:03:16.2649,5,1.0,91.0
94.206,2024/06/05 10:03:16.4979,3,1.0,91.0
94.22,2024/06/05 10:03:16.5119,5,1.0,91.0
94.452,2024/06/05 10:03:16.7439,3,1.0,91.0
94.466,2024/06/05 10:03:16.7579,5,1.0,91.0
94.698,2024/06/05 10:03:16.9899,3,1.0,91.0
94.712,2024/06/05 10:03:17.0039,5,1.0,91.0
94.945,2024/06/05 10:03:17.2369,3,1.0,91.0
95.451,2024/06/05 10:03:17.7429,5,1.0,91.0
95.684,2024/06/05 10:03:17.9759,3,1.0,90.0
95.697,2024/06/05 10:03:17.9889,5,1.0,91.0
95.93,2024/06/05 10:03:18.2219,3,1.0,90.0
95.943,2024/06/05 10:03:18.2349,5,1.0,91.0
96.176,2024/06/05 10:03:18.4679,3,1.0,90.0
96.189,2024/06/05 10:03:18.4809,5,1.0,91.0
96.423,2024/06/05 10:03:18.7149,3,1.0,91.0
96.436,2024/06/05 10:03:18.7279,5,1.0,91.0
96.669,2024/06/05 10:03:18.9609,3,1.0,91.0
96.682,2024/06/05 10:03:18.9739,5,1.0,91.0
96.915,2024/06/05 10:03:19.2069,3,1.0,91.0
96.928,2024/06/05 10:03:19.2199,5,1.0,91.0
97.161,2024/06/05 10:03:19.4529,3,1.0,91.0
97.175,2024/06/05 10:03:19.4669,5,1.0,91.0
97.408,2024/06/05 10:03:19.6999,3,1.0,91.0
97.421,2024/06/05 10:03:19.7129,5,1.0,91.0
97.654,2024/06/05 10:03:19.9459,3,1.0,91.0
97.667,2024/06/05 10:03:19.9589,5,1.0,91.0
97.901,2024/06/05 10:03:20.1929,3,1.0,91.0
97.914,2024/06/05 10:03:20.2059,5,1.0,91.0
98.16,2024/06/05 10:03:20.4519,5,1.0,91.0
98.393,2024/06/05 10:03:20.6849,3,1.0,90.0
98.639,2024/06/05 10:03:20.9309,3,1.0,90.0
98.652,2024/06/05 10:03:20.9439,5,1.0,91.0
98.885,2024/06/05 10:03:21.1769,3,1.0,90.0
98.899,2024/06/05 10:03:21.1909,5,1.0,91.0
99.131,2024/06/05 10:03:21.4229,3,1.0,90.0
99.145,2024/06/05 10:03:21.4369,5,1.0,91.0
99.378,2024/06/05 10:03:21.6699,3,1.0,90.0
99.391,2024/06/05 10:03:21.6829,5,1.0,91.0
100.116,2024/06/05 10:03:22.4079,3,1.0,90.0
100.363,2024/06/05 10:03:22.6549,3,1.0,90.0
100.377,2024/06/05 10:03:22.6689,5,1.0,91.0
100.609,2024/06/05 10:03:22.9009,3,1.0,90.0
100.623,2024/06/05 10:03:22.9149,5,1.0,91.0
100.856,2024/06/05 10:03:23.1479,3,1.0,90.0
100.868,2024/06/05 10:03:23.1599,5,1.0,91.0
101.102,2024/06/05 10:03:23.3939,3,1.0,91.0
101.115,2024/06/05 10:03:23.4069,5,1.0,91.0
101.348,2024/06/05 10:03:23.6399,3,1.0,91.0
101.361,2024/06/05 10:03:23.6529,5,1.0,90.0
101.595,2024/06/05 10:03:23.8869,3,1.0,90.0
101.607,2024/06/05 10:03:23.8989,5,1.0,90.0
101.841,2024/06/05 10:03:24.1329,3,1.0,90.0
101.854,2024/06/05 10:03:24.1459,5,1.0,90.0
102.087,2024/06/05 10:03:24.3789,3,1.0,90.0
102.1,2024/06/05 10:03:24.3919,5,1.0,90.0
102.347,2024/06/05 10:03:24.6389,5,1.0,90.0
102.579,2024/06/05 10:03:24.8709,3,1.0,90.0
102.593,2024/06/05 10:03:24.8849,5,1.0,90.0
102.826,2024/06/05 10:03:25.1179,3,1.0,90.0
102.839,2024/06/05 10:03:25.1309,5,1.0,90.0
103.072,2024/06/05 10:03:25.3639,3,1.0,91.0
103.085,2024/06/05 10:03:25.3769,5,1.0,90.0
103.332,2024/06/05 10:03:25.6239,5,1.0,90.0
103.564,2024/06/05 10:03:25.8559,3,1.0,91.0
103.578,2024/06/05 10:03:25.8699,5,1.0,90.0
103.81,2024/06/05 10:03:26.1019,3,1.0,91.0
103.825,2024/06/05 10:03:26.1169,5,1.0,90.0
104.057,2024/06/05 10:03:26.3489,3,1.0,91.0
104.07,2024/06/05 10:03:26.3619,5,1.0,90.0
104.316,2024/06/05 10:03:26.6079,5,1.0,90.0
104.563,2024/06/05 10:03:26.8549,5,1.0,90.0
104.796,2024/06/05 10:03:27.0879,3,1.0,91.0
104.809,2024/06/05 10:03:27.1009,5,1.0,90.0
105.042,2024/06/05 10:03:27.3339,3,1.0,90.0
105.056,2024/06/05 10:03:27.3479,5,1.0,90.0
105.289,2024/06/05 10:03:27.5809,3,1.0,90.0
105.534,2024/06/05 10:03:27.8259,3,1.0,90.0
105.548,2024/06/05 10:03:27.8399,5,1.0,90.0
105.781,2024/06/05 10:03:28.0729,3,1.0,89.0
105.795,2024/06/05 10:03:28.0869,5,1.0,90.0
106.028,2024/06/05 10:03:28.3199,3,1.0,89.0
106.04,2024/06/05 10:03:28.3319,5,1.0,90.0
106.274,2024/06/05 10:03:28.5659,3,1.0,89.0
106.287,2024/06/05 10:03:28.5789,5,1.0,90.0
106.519,2024/06/05 10:03:28.8109,3,1.0,89.0
106.533,2024/06/05 10:03:28.8249,5,1.0,90.0
106.766,2024/06/05 10:03:29.0579,3,1.0,89.0
106.78,2024/06/05 10:03:29.0719,5,1.0,90.0
107.012,2024/06/05 10:03:29.3039,3,1.0,90.0
107.026,2024/06/05 10:03:29.3179,5,1.0,90.0
107.259,2024/06/05 10:03:29.5509,3,1.0,90.0
107.272,2024/06/05 10:03:29.5639,5,1.0,90.0
107.505,2024/06/05 10:03:29.7969,3,1.0,90.0
107.518,2024/06/05 10:03:29.8099,5,1.0,90.0
107.751,2024/06/05 10:03:30.0429,3,1.0,90.0
107.765,2024/06/05 10:03:30.0569,5,1.0,90.0
107.997,2024/06/05 10:03:30.2889,3,1.0,90.0
108.011,2024/06/05 10:03:30.3029,5,1.0,90.0
108.244,2024/06/05 10:03:30.5359,3,1.0,90.0
108.257,2024/06/05 10:03:30.5489,5,1.0,90.0
108.489,2024/06/05 10:03:30.7809,3,1.0,90.0
108.503,2024/06/05 10:03:30.7949,5,1.0,90.0
108.736,2024/06/05 10:03:31.0279,3,1.0,90.0
108.749,2024/06/05 10:03:31.0409,5,1.0,90.0
108.982,2024/06/05 10:03:31.2739,3,1.0,90.0
108.996,2024/06/05 10:03:31.2879,5,1.0,90.0
109.229,2024/06/05 10:03:31.5209,3,1.0,90.0
109.242,2024/06/05 10:03:31.5339,5,1.0,90.0
109.475,2024/06/05 10:03:31.7669,3,1.0,90.0
109.489,2024/06/05 10:03:31.7809,5,1.0,90.0
109.721,2024/06/05 10:03:32.0129,3,1.0,90.0
109.968,2024/06/05 10:03:32.2599,3,1.0,90.0
109.981,2024/06/05 10:03:32.2729,5,1.0,90.0
110.214,2024/06/05 10:03:32.5059,3,1.0,90.0
110.227,2024/06/05 10:03:32.5189,5,1.0,90.0
110.46,2024/06/05 10:03:32.7519,3,1.0,90.0
110.473,2024/06/05 10:03:32.7649,5,1.0,90.0
110.72,2024/06/05 10:03:33.0119,5,1.0,90.0
110.953,2024/06/05 10:03:33.2449,3,1.0,90.0
110.967,2024/06/05 10:03:33.2589,5,1.0,90.0
111.199,2024/06/05 10:03:33.4909,3,1.0,90.0
111.212,2024/06/05 10:03:33.5039,5,1.0,90.0
111.459,2024/06/05 10:03:33.7509,5,1.0,90.0
111.692,2024/06/05 10:03:33.9839,3,1.0,90.0
111.705,2024/06/05 10:03:33.9969,5,1.0,90.0
111.937,2024/06/05 10:03:34.2289,3,1.0,89.0
111.951,2024/06/05 10:03:34.2429,5,1.0,90.0
112.184,2024/06/05 10:03:34.4759,3,1.0,89.0
112.198,2024/06/05 10:03:34.4899,5,1.0,88.0
112.431,2024/06/05 10:03:34.7229,3,1.0,89.0
112.444,2024/06/05 10:03:34.7359,5,1.0,88.0
112.69,2024/06/05 10:03:34.9819,5,1.0,88.0
112.923,2024/06/05 10:03:35.2149,3,1.0,89.0
112.936,2024/06/05 10:03:35.2279,5,1.0,88.0
113.17,2024/06/05 10:03:35.4619,3,1.0,89.0
113.183,2024/06/05 10:03:35.4749,5,1.0,88.0
113.415,2024/06/05 10:03:35.7069,3,1.0,89.0
113.429,2024/06/05 10:03:35.7209,5,1.0,88.0
113.662,2024/06/05 10:03:35.9539,3,1.0,89.0
113.676,2024/06/05 10:03:35.9679,5,1.0,88.0
113.921,2024/06/05 10:03:36.2129,5,1.0,88.0
114.154,2024/06/05 10:03:36.4459,3,1.0,89.0
114.168,2024/06/05 10:03:36.4599,5,1.0,88.0
114.401,2024/06/05 10:03:36.6929,3,1.0,89.0
114.414,2024/06/05 10:03:36.7059,5,1.0,88.0
114.647,2024/06/05 10:03:36.9389,3,1.0,89.0
114.661,2024/06/05 10:03:36.9529,5,1.0,88.0
114.906,2024/06/05 10:03:37.1979,5,1.0,88.0
115.14,2024/06/05 10:03:37.4319,3,1.0,89.0
115.153,2024/06/05 10:03:37.4449,5,1.0,88.0
115.399,2024/06/05 10:03:37.6909,5,1.0,89.0
115.632,2024/06/05 10:03:37.9239,3,1.0,88.0
115.645,2024/06/05 10:03:37.9369,5,1.0,89.0
115.878,2024/06/05 10:03:38.1699,3,1.0,88.0
115.891,2024/06/05 10:03:38.1829,5,1.0,89.0
116.124,2024/06/05 10:03:38.4159,3,1.0,88.0
116.138,2024/06/05 10:03:38.4299,5,1.0,89.0
116.37,2024/06/05 10:03:38.6619,3,1.0,88.0
116.384,2024/06/05 10:03:38.6759,5,1.0,89.0
116.631,2024/06/05 10:03:38.9229,5,1.0,89.0
116.863,2024/06/05 10:03:39.1549,3,1.0,88.0
117.109,2024/06/05 10:03:39.4009,3,1.0,88.0
117.123,2024/06/05 10:03:39.4149,5,1.0,89.0
117.357,2024/06/05 10:03:39.6489,3,1.0,88.0
117.37,2024/06/05 10:03:39.6619,5,1.0,89.0
117.602,2024/06/05 10:03:39.8939,3,1.0,88.0
117.616,2024/06/05 10:03:39.9079,5,1.0,89.0
117.849,2024/06/05 10:03:40.1409,3,1.0,88.0
118.095,2024/06/05 10:03:40.3869,3,1.0,88.0
118.108,2024/06/05 10:03:40.3999,5,1.0,89.0
118.341,2024/06/05 10:03:40.6329,3,1.0,88.0
118.355,2024/06/05 10:03:40.6469,5,1.0,88.0
118.587,2024/06/05 10:03:40.8789,3,1.0,89.0
118.601,2024/06/05 10:03:40.8929,5,1.0,88.0
118.833,2024/06/05 10:03:41.1249,3,1.0,89.0
118.847,2024/06/05 10:03:41.1389,5,1.0,88.0
119.08,2024/06/05 10:03:41.3719,3,1.0,89.0
119.093,2024/06/05 10:03:41.3849,5,1.0,88.0
119.326,2024/06/05 10:03:41.6179,3,1.0,89.0
119.34,2024/06/05 10:03:41.6319,5,1.0,88.0
119.573,2024/06/05 10:03:41.8649,3,1.0,89.0
119.585,2024/06/05 10:03:41.8769,5,1.0,88.0
119.818,2024/06/05 10:03:42.1099,3,1.0,89.0
119.832,2024/06/05 10:03:42.1239,5,1.0,88.0
120.065,2024/06/05 10:03:42.3569,3,1.0,89.0
120.079,2024/06/05 10:03:42.3709,5,1.0,88.0
120.311,2024/06/05 10:03:42.6029,3,1.0,89.0
120.324,2024/06/05 10:03:42.6159,5,1.0,88.0
120.558,2024/06/05 10:03:42.8499,3,1.0,89.0
120.571,2024/06/05 10:03:42.8629,5,1.0,88.0
120.803,2024/06/05 10:03:43.0949,3,1.0,89.0
120.817,2024/06/05 10:03:43.1089,5,1.0,88.0
121.063,2024/06/05 10:03:43.3549,5,1.0,88.0
121.296,2024/06/05 10:03:43.5879,3,1.0,90.0
121.543,2024/06/05 10:03:43.8349,3,1.0,90.0
121.556,2024/06/05 10:03:43.8479,5,1.0,87.0
121.802,2024/06/05 10:03:44.0939,5,1.0,87.0
122.035,2024/06/05 10:03:44.3269,3,1.0,90.0
122.048,2024/06/05 10:03:44.3399,5,1.0,87.0
122.281,2024/06/05 10:03:44.5729,3,1.0,90.0
122.295,2024/06/05 10:03:44.5869,5,1.0,87.0
122.528,2024/06/05 10:03:44.8199,3,1.0,90.0
122.542,2024/06/05 10:03:44.8339,5,1.0,87.0
122.774,2024/06/05 10:03:45.0659,3,1.0,90.0
122.787,2024/06/05 10:03:45.0789,5,1.0,87.0
123.02,2024/06/05 10:03:45.3119,3,1.0,91.0
123.034,2024/06/05 10:03:45.3259,5,1.0,87.0
123.266,2024/06/05 10:03:45.5579,3,1.0,91.0
123.28,2024/06/05 10:03:45.5719,5,1.0,87.0
123.526,2024/06/05 10:03:45.8179,5,1.0,87.0
123.758,2024/06/05 10:03:46.0499,3,1.0,91.0
123.772,2024/06/05 10:03:46.0639,5,1.0,87.0
124.019,2024/06/05 10:03:46.3109,5,1.0,87.0
124.251,2024/06/05 10:03:46.5429,3,1.0,91.0
124.265,2024/06/05 10:03:46.5569,5,1.0,87.0
124.498,2024/06/05 10:03:46.7899,3,1.0,92.0
124.512,2024/06/05 10:03:46.8039,5,1.0,87.0
124.744,2024/06/05 10:03:47.0359,3,1.0,92.0
124.757,2024/06/05 10:03:47.0489,5,1.0,87.0
124.99,2024/06/05 10:03:47.2819,3,1.0,92.0
125.004,2024/06/05 10:03:47.2959,5,1.0,87.0
125.237,2024/06/05 10:03:47.5289,3,1.0,92.0
125.25,2024/06/05 10:03:47.5419,5,1.0,88.0
125.483,2024/06/05 10:03:47.7749,3,1.0,92.0
125.497,2024/06/05 10:03:47.7889,5,1.0,88.0
125.729,2024/06/05 10:03:48.0209,3,1.0,92.0
125.743,2024/06/05 10:03:48.0349,5,1.0,88.0
125.975,2024/06/05 10:03:48.2669,3,1.0,92.0
125.989,2024/06/05 10:03:48.2809,5,1.0,88.0
126.222,2024/06/05 10:03:48.5139,3,1.0,92.0
126.236,2024/06/05 10:03:48.5279,5,1.0,89.0
126.468,2024/06/05 10:03:48.7599,3,1.0,91.0
126.481,2024/06/05 10:03:48.7729,5,1.0,89.0
126.714,2024/06/05 10:03:49.0059,3,1.0,91.0
126.728,2024/06/05 10:03:49.0199,5,1.0,89.0
126.96,2024/06/05 10:03:49.2519,3,1.0,91.0
126.974,2024/06/05 10:03:49.2659,5,1.0,89.0
127.207,2024/06/05 10:03:49.4989,3,1.0,91.0
127.221,2024/06/05 10:03:49.5129,5,1.0,89.0
127.453,2024/06/05 10:03:49.7449,3,1.0,91.0
127.467,2024/06/05 10:03:49.7589,5,1.0,89.0
127.699,2024/06/05 10:03:49.9909,3,1.0,91.0
127.713,2024/06/05 10:03:50.0049,5,1.0,89.0
127.945,2024/06/05 10:03:50.2369,3,1.0,91.0
127.959,2024/06/05 10:03:50.2509,5,1.0,89.0
128.192,2024/06/05 10:03:50.4839,3,1.0,91.0
128.206,2024/06/05 10:03:50.4979,5,1.0,90.0
128.438,2024/06/05 10:03:50.7299,3,1.0,92.0
128.452,2024/06/05 10:03:50.7439,5,1.0,90.0
128.684,2024/06/05 10:03:50.9759,3,1.0,92.0
128.698,2024/06/05 10:03:50.9899,5,1.0,90.0
128.931,2024/06/05 10:03:51.2229,3,1.0,92.0
128.944,2024/06/05 10:03:51.2359,5,1.0,90.0
129.177,2024/06/05 10:03:51.4689,3,1.0,92.0
129.191,2024/06/05 10:03:51.4829,5,1.0,90.0
129.423,2024/06/05 10:03:51.7149,3,1.0,92.0
129.437,2024/06/05 10:03:51.7289,5,1.0,90.0
129.67,2024/06/05 10:03:51.9619,3,1.0,92.0
129.684,2024/06/05 10:03:51.9759,5,1.0,90.0
129.916,2024/06/05 10:03:52.2079,3,1.0,92.0
129.929,2024/06/05 10:03:52.2209,5,1.0,90.0
130.162,2024/06/05 10:03:52.4539,3,1.0,93.0
130.176,2024/06/05 10:03:52.4679,5,1.0,90.0
130.409,2024/06/05 10:03:52.7009,3,1.0,93.0
130.655,2024/06/05 10:03:52.9469,3,1.0,93.0
130.669,2024/06/05 10:03:52.9609,5,1.0,90.0
130.901,2024/06/05 10:03:53.1929,3,1.0,93.0
130.914,2024/06/05 10:03:53.2059,5,1.0,90.0
131.147,2024/06/05 10:03:53.4389,3,1.0,93.0
131.161,2024/06/05 10:03:53.4529,5,1.0,90.0
131.393,2024/06/05 10:03:53.6849,3,1.0,93.0
131.407,2024/06/05 10:03:53.6989,5,1.0,90.0
131.639,2024/06/05 10:03:53.9309,3,1.0,93.0
131.653,2024/06/05 10:03:53.9449,5,1.0,90.0
131.885,2024/06/05 10:03:54.1769,3,1.0,93.0
131.899,2024/06/05 10:03:54.1909,5,1.0,90.0
132.146,2024/06/05 10:03:54.4379,5,1.0,90.0
132.378,2024/06/05 10:03:54.6699,3,1.0,93.0
132.392,2024/06/05 10:03:54.6839,5,1.0,90.0
132.625,2024/06/05 10:03:54.9169,3,1.0,93.0
132.639,2024/06/05 10:03:54.9309,5,1.0,90.0
132.871,2024/06/05 10:03:55.1629,3,1.0,93.0
132.884,2024/06/05 10:03:55.1759,5,1.0,90.0
133.117,2024/06/05 10:03:55.4089,3,1.0,93.0
133.131,2024/06/05 10:03:55.4229,5,1.0,90.0
133.363,2024/06/05 10:03:55.6549,3,1.0,93.0
133.377,2024/06/05 10:03:55.6689,5,1.0,91.0
133.61,2024/06/05 10:03:55.9019,3,1.0,93.0
133.624,2024/06/05 10:03:55.9159,5,1.0,91.0
133.856,2024/06/05 10:03:56.1479,3,1.0,93.0
133.87,2024/06/05 10:03:56.1619,5,1.0,91.0
134.103,2024/06/05 10:03:56.3949,3,1.0,93.0
134.116,2024/06/05 10:03:56.4079,5,1.0,91.0
134.362,2024/06/05 10:03:56.6539,5,1.0,92.0
134.595,2024/06/05 10:03:56.8869,3,1.0,93.0
134.609,2024/06/05 10:03:56.9009,5,1.0,92.0
134.841,2024/06/05 10:03:57.1329,3,1.0,93.0
134.855,2024/06/05 10:03:57.1469,5,1.0,92.0
135.087,2024/06/05 10:03:57.3789,3,1.0,93.0
135.101,2024/06/05 10:03:57.3929,5,1.0,92.0
135.348,2024/06/05 10:03:57.6399,5,1.0,92.0
135.58,2024/06/05 10:03:57.8719,3,1.0,94.0
135.594,2024/06/05 10:03:57.8859,5,1.0,92.0
135.826,2024/06/05 10:03:58.1179,3,1.0,94.0
135.84,2024/06/05 10:03:58.1319,5,1.0,92.0
136.072,2024/06/05 10:03:58.3639,3,1.0,94.0
136.086,2024/06/05 10:03:58.3779,5,1.0,92.0
136.319,2024/06/05 10:03:58.6109,3,1.0,94.0
136.333,2024/06/05 10:03:58.6249,5,1.0,92.0
136.565,2024/06/05 10:03:58.8569,3,1.0,95.0
136.579,2024/06/05 10:03:58.8709,5,1.0,92.0
136.811,2024/06/05 10:03:59.1029,3,1.0,95.0
136.825,2024/06/05 10:03:59.1169,5,1.0,92.0
137.058,2024/06/05 10:03:59.3499,3,1.0,96.0
137.55,2024/06/05 10:03:59.8419,3,1.0,96.0
137.564,2024/06/05 10:03:59.8559,5,1.0,92.0
137.796,2024/06/05 10:04:00.0879,3,1.0,96.0
137.81,2024/06/05 10:04:00.1019,5,1.0,92.0
138.043,2024/06/05 10:04:00.3349,3,1.0,96.0
138.057,2024/06/05 10:04:00.3489,5,1.0,92.0
138.288,2024/06/05 10:04:00.5799,3,1.0,96.0
138.302,2024/06/05 10:04:00.5939,5,1.0,93.0
138.535,2024/06/05 10:04:00.8269,3,1.0,96.0
138.549,2024/06/05 10:04:00.8409,5,1.0,93.0
138.782,2024/06/05 10:04:01.0739,3,1.0,96.0
138.796,2024/06/05 10:04:01.0879,5,1.0,93.0
139.028,2024/06/05 10:04:01.3199,3,1.0,96.0
139.042,2024/06/05 10:04:01.3339,5,1.0,93.0
139.274,2024/06/05 10:04:01.5659,3,1.0,96.0
139.288,2024/06/05 10:04:01.5799,5,1.0,93.0
139.52,2024/06/05 10:04:01.8119,3,1.0,96.0
139.534,2024/06/05 10:04:01.8259,5,1.0,93.0
139.766,2024/06/05 10:04:02.0579,3,1.0,95.0
139.78,2024/06/05 10:04:02.0719,5,1.0,93.0
140.013,2024/06/05 10:04:02.3049,3,1.0,95.0
140.027,2024/06/05 10:04:02.3189,5,1.0,93.0
140.258,2024/06/05 10:04:02.5499,3,1.0,95.0
140.273,2024/06/05 10:04:02.5649,5,1.0,93.0
140.505,2024/06/05 10:04:02.7969,3,1.0,95.0
140.519,2024/06/05 10:04:02.8109,5,1.0,93.0
140.752,2024/06/05 10:04:03.0439,3,1.0,95.0
140.765,2024/06/05 10:04:03.0569,5,1.0,93.0
140.998,2024/06/05 10:04:03.2899,3,1.0,94.0
141.012,2024/06/05 10:04:03.3039,5,1.0,93.0
141.244,2024/06/05 10:04:03.5359,3,1.0,94.0
141.258,2024/06/05 10:04:03.5499,5,1.0,93.0
141.49,2024/06/05 10:04:03.7819,3,1.0,94.0
141.504,2024/06/05 10:04:03.7959,5,1.0,93.0
141.737,2024/06/05 10:04:04.0289,3,1.0,94.0
141.75,2024/06/05 10:04:04.0419,5,1.0,93.0
141.983,2024/06/05 10:04:04.2749,3,1.0,94.0
141.997,2024/06/05 10:04:04.2889,5,1.0,93.0
142.23,2024/06/05 10:04:04.5219,3,1.0,94.0
142.244,2024/06/05 10:04:04.5359,5,1.0,94.0
142.489,2024/06/05 10:04:04.7809,5,1.0,94.0
142.722,2024/06/05 10:04:05.0139,3,1.0,94.0
142.736,2024/06/05 10:04:05.0279,5,1.0,94.0
142.968,2024/06/05 10:04:05.2599,3,1.0,93.0
142.982,2024/06/05 10:04:05.2739,5,1.0,94.0
143.214,2024/06/05 10:04:05.5059,3,1.0,93.0
143.228,2024/06/05 10:04:05.5199,5,1.0,94.0
143.461,2024/06/05 10:04:05.7529,3,1.0,93.0
143.475,2024/06/05 10:04:05.7669,5,1.0,94.0
143.707,2024/06/05 10:04:05.9989,3,1.0,93.0
143.721,2024/06/05 10:04:06.0129,5,1.0,94.0
143.953,2024/06/05 10:04:06.2449,3,1.0,93.0
143.967,2024/06/05 10:04:06.2589,5,1.0,94.0
144.199,2024/06/05 10:04:06.4909,3,1.0,93.0
144.213,2024/06/05 10:04:06.5049,5,1.0,95.0
144.46,2024/06/05 10:04:06.7519,5,1.0,95.0
144.706,2024/06/05 10:04:06.9979,5,1.0,95.0
144.938,2024/06/05 10:04:07.2299,3,1.0,92.0
144.952,2024/06/05 10:04:07.2439,5,1.0,95.0
145.184,2024/06/05 10:04:07.4759,3,1.0,92.0
145.198,2024/06/05 10:04:07.4899,5,1.0,95.0
145.677,2024/06/05 10:04:07.9689,3,1.0,92.0
145.691,2024/06/05 10:04:07.9829,5,1.0,95.0
145.924,2024/06/05 10:04:08.2159,3,1.0,92.0
145.938,2024/06/05 10:04:08.2299,5,1.0,95.0
146.169,2024/06/05 10:04:08.4609,3,1.0,92.0
146.183,2024/06/05 10:04:08.4749,5,1.0,95.0
146.416,2024/06/05 10:04:08.7079,3,1.0,91.0
146.43,2024/06/05 10:04:08.7219,5,1.0,94.0
146.662,2024/06/05 10:04:08.9539,3,1.0,91.0
146.676,2024/06/05 10:04:08.9679,5,1.0,94.0
146.909,2024/06/05 10:04:09.2009,3,1.0,91.0
146.922,2024/06/05 10:04:09.2139,5,1.0,94.0
147.154,2024/06/05 10:04:09.4459,3,1.0,90.0
147.168,2024/06/05 10:04:09.4599,5,1.0,94.0
147.401,2024/06/05 10:04:09.6929,3,1.0,90.0
147.415,2024/06/05 10:04:09.7069,5,1.0,94.0
147.647,2024/06/05 10:04:09.9389,3,1.0,90.0
147.661,2024/06/05 10:04:09.9529,5,1.0,94.0
147.893,2024/06/05 10:04:10.1849,3,1.0,89.0
147.908,2024/06/05 10:04:10.1999,5,1.0,94.0
148.139,2024/06/05 10:04:10.4309,3,1.0,89.0
148.154,2024/06/05 10:04:10.4459,5,1.0,94.0
148.386,2024/06/05 10:04:10.6779,3,1.0,89.0
148.4,2024/06/05 10:04:10.6919,5,1.0,93.0
148.632,2024/06/05 10:04:10.9239,3,1.0,89.0
148.646,2024/06/05 10:04:10.9379,5,1.0,93.0
148.878,2024/06/05 10:04:11.1699,3,1.0,89.0
148.892,2024/06/05 10:04:11.1839,5,1.0,93.0
149.125,2024/06/05 10:04:11.4169,3,1.0,89.0
149.139,2024/06/05 10:04:11.4309,5,1.0,93.0
149.371,2024/06/05 10:04:11.6629,3,1.0,89.0
149.617,2024/06/05 10:04:11.9089,3,1.0,89.0
149.631,2024/06/05 10:04:11.9229,5,1.0,92.0
149.864,2024/06/05 10:04:12.1559,3,1.0,89.0
149.878,2024/06/05 10:04:12.1699,5,1.0,92.0
150.109,2024/06/05 10:04:12.4009,3,1.0,89.0
150.123,2024/06/05 10:04:12.4149,5,1.0,92.0
150.356,2024/06/05 10:04:12.6479,3,1.0,89.0
150.37,2024/06/05 10:04:12.6619,5,1.0,91.0
150.602,2024/06/05 10:04:12.8939,3,1.0,89.0
150.616,2024/06/05 10:04:12.9079,5,1.0,91.0
150.849,2024/06/05 10:04:13.1409,3,1.0,89.0
150.863,2024/06/05 10:04:13.1549,5,1.0,91.0
151.095,2024/06/05 10:04:13.3869,3,1.0,89.0
151.109,2024/06/05 10:04:13.4009,5,1.0,91.0
151.341,2024/06/05 10:04:13.6329,3,1.0,89.0
151.355,2024/06/05 10:04:13.6469,5,1.0,90.0
151.834,2024/06/05 10:04:14.1259,3,1.0,89.0
151.848,2024/06/05 10:04:14.1399,5,1.0,90.0
152.08,2024/06/05 10:04:14.3719,3,1.0,89.0
152.094,2024/06/05 10:04:14.3859,5,1.0,90.0
152.326,2024/06/05 10:04:14.6179,3,1.0,89.0
152.341,2024/06/05 10:04:14.6329,5,1.0,89.0
152.572,2024/06/05 10:04:14.8639,3,1.0,89.0
152.586,2024/06/05 10:04:14.8779,5,1.0,89.0
152.833,2024/06/05 10:04:15.1249,5,1.0,89.0
153.065,2024/06/05 10:04:15.3569,3,1.0,90.0
153.079,2024/06/05 10:04:15.3709,5,1.0,89.0
153.311,2024/06/05 10:04:15.6029,3,1.0,90.0
153.325,2024/06/05 10:04:15.6169,5,1.0,89.0
153.557,2024/06/05 10:04:15.8489,3,1.0,90.0
153.572,2024/06/05 10:04:15.8639,5,1.0,89.0
153.818,2024/06/05 10:04:16.1099,5,1.0,89.0
154.05,2024/06/05 10:04:16.3419,3,1.0,90.0
154.064,2024/06/05 10:04:16.3559,5,1.0,89.0
154.297,2024/06/05 10:04:16.5889,3,1.0,90.0
154.311,2024/06/05 10:04:16.6029,5,1.0,88.0
154.543,2024/06/05 10:04:16.8349,3,1.0,90.0
154.789,2024/06/05 10:04:17.0809,3,1.0,90.0
154.803,2024/06/05 10:04:17.0949,5,1.0,88.0
155.035,2024/06/05 10:04:17.3269,3,1.0,90.0
155.049,2024/06/05 10:04:17.3409,5,1.0,88.0
155.281,2024/06/05 10:04:17.5729,3,1.0,90.0
155.295,2024/06/05 10:04:17.5869,5,1.0,88.0
155.528,2024/06/05 10:04:17.8199,3,1.0,90.0
155.542,2024/06/05 10:04:17.8339,5,1.0,88.0
155.774,2024/06/05 10:04:18.0659,3,1.0,90.0
156.021,2024/06/05 10:04:18.3129,3,1.0,90.0
156.035,2024/06/05 10:04:18.3269,5,1.0,88.0
156.266,2024/06/05 10:04:18.5579,3,1.0,90.0
156.28,2024/06/05 10:04:18.5719,5,1.0,87.0
156.513,2024/06/05 10:04:18.8049,3,1.0,91.0
156.527,2024/06/05 10:04:18.8189,5,1.0,87.0
157.005,2024/06/05 10:04:19.2969,3,1.0,91.0
157.019,2024/06/05 10:04:19.3109,5,1.0,87.0
157.252,2024/06/05 10:04:19.5439,3,1.0,91.0
157.266,2024/06/05 10:04:19.5579,5,1.0,88.0
157.498,2024/06/05 10:04:19.7899,3,1.0,91.0
157.512,2024/06/05 10:04:19.8039,5,1.0,88.0
157.745,2024/06/05 10:04:20.0369,3,1.0,91.0
157.759,2024/06/05 10:04:20.0509,5,1.0,88.0
157.991,2024/06/05 10:04:20.2829,3,1.0,91.0
158.237,2024/06/05 10:04:20.5289,3,1.0,91.0
158.251,2024/06/05 10:04:20.5429,5,1.0,89.0
158.483,2024/06/05 10:04:20.7749,3,1.0,91.0
158.497,2024/06/05 10:04:20.7889,5,1.0,89.0
158.729,2024/06/05 10:04:21.0209,3,1.0,91.0
158.743,2024/06/05 10:04:21.0349,5,1.0,89.0
158.976,2024/06/05 10:04:21.2679,3,1.0,92.0
158.99,2024/06/05 10:04:21.2819,5,1.0,89.0
159.221,2024/06/05 10:04:21.5129,3,1.0,92.0
159.236,2024/06/05 10:04:21.5279,5,1.0,89.0
159.468,2024/06/05 10:04:21.7599,3,1.0,93.0
159.714,2024/06/05 10:04:22.0059,3,1.0,93.0
159.728,2024/06/05 10:04:22.0199,5,1.0,89.0
159.961,2024/06/05 10:04:22.2529,3,1.0,93.0
159.974,2024/06/05 10:04:22.2659,5,1.0,89.0
160.207,2024/06/05 10:04:22.4989,3,1.0,93.0
160.221,2024/06/05 10:04:22.5129,5,1.0,90.0
160.453,2024/06/05 10:04:22.7449,3,1.0,93.0
160.467,2024/06/05 10:04:22.7589,5,1.0,90.0
160.714,2024/06/05 10:04:23.0059,5,1.0,90.0
160.946,2024/06/05 10:04:23.2379,3,1.0,94.0
160.96,2024/06/05 10:04:23.2519,5,1.0,90.0
161.192,2024/06/05 10:04:23.4839,3,1.0,94.0
161.206,2024/06/05 10:04:23.4979,5,1.0,90.0
161.438,2024/06/05 10:04:23.7299,3,1.0,95.0
161.453,2024/06/05 10:04:23.7449,5,1.0,90.0
161.684,2024/06/05 10:04:23.9759,3,1.0,95.0
161.699,2024/06/05 10:04:23.9909,5,1.0,90.0
161.945,2024/06/05 10:04:24.2369,5,1.0,90.0
162.177,2024/06/05 10:04:24.4689,3,1.0,96.0
162.191,2024/06/05 10:04:24.4829,5,1.0,90.0
162.425,2024/06/05 10:04:24.7169,3,1.0,96.0
162.67,2024/06/05 10:04:24.9619,3,1.0,96.0
162.684,2024/06/05 10:04:24.9759,5,1.0,91.0
162.916,2024/06/05 10:04:25.2079,3,1.0,96.0
162.931,2024/06/05 10:04:25.2229,5,1.0,91.0
163.176,2024/06/05 10:04:25.4679,5,1.0,91.0
163.408,2024/06/05 10:04:25.6999,3,1.0,97.0
163.422,2024/06/05 10:04:25.7139,5,1.0,92.0
163.655,2024/06/05 10:04:25.9469,3,1.0,97.0
163.669,2024/06/05 10:04:25.9609,5,1.0,92.0
163.901,2024/06/05 10:04:26.1929,3,1.0,97.0
163.915,2024/06/05 10:04:26.2069,5,1.0,92.0
164.147,2024/06/05 10:04:26.4389,3,1.0,98.0
