reltime,datetime,iSensor,ibi
0.001,2024/06/14 11:58:57.5069,5,674
0.001,2024/06/14 11:58:57.5069,4,0
0.001,2024/06/14 11:58:57.5069,3,678
0.001,2024/06/14 11:58:57.5069,2,0
0.001,2024/06/14 11:58:57.5069,1,0
0.001,2024/06/14 11:58:57.5069,0,0
0.179,2024/06/14 11:58:57.6849,3,648
0.209,2024/06/14 11:58:57.7149,5,674
0.455,2024/06/14 11:58:57.9609,5,674
0.701,2024/06/14 11:58:58.2069,5,674
0.918,2024/06/14 11:58:58.4239,3,656
0.948,2024/06/14 11:58:58.4539,5,674
1.194,2024/06/14 11:58:58.6999,5,674
1.411,2024/06/14 11:58:58.9169,3,647
1.44,2024/06/14 11:58:58.9459,5,674
1.686,2024/06/14 11:58:59.1919,5,674
1.932,2024/06/14 11:58:59.4379,5,674
2.149,2024/06/14 11:58:59.6549,3,618
2.888,2024/06/14 11:59:00.3939,3,614
3.38,2024/06/14 11:59:00.8859,3,620
3.873,2024/06/14 11:59:01.3789,3,612
4.641,2024/06/14 11:59:02.1469,5,674
4.888,2024/06/14 11:59:02.3939,5,674
5.134,2024/06/14 11:59:02.6399,5,674
5.843,2024/06/14 11:59:03.3489,3,600
6.582,2024/06/14 11:59:04.0879,3,617
7.075,2024/06/14 11:59:04.5809,3,659
7.843,2024/06/14 11:59:05.3489,5,666
8.06,2024/06/14 11:59:05.5659,3,666
8.09,2024/06/14 11:59:05.5959,5,666
8.336,2024/06/14 11:59:05.8419,5,666
8.553,2024/06/14 11:59:06.0589,3,643
9.044,2024/06/14 11:59:06.5499,3,650
9.783,2024/06/14 11:59:07.2889,3,632
10.276,2024/06/14 11:59:07.7819,3,624
11.261,2024/06/14 11:59:08.7669,3,650
11.291,2024/06/14 11:59:08.7969,5,638
11.538,2024/06/14 11:59:09.0439,5,625
11.754,2024/06/14 11:59:09.2599,3,646
12.246,2024/06/14 11:59:09.7519,3,628
12.984,2024/06/14 11:59:10.4899,3,646
13.97,2024/06/14 11:59:11.4759,3,659
14.246,2024/06/14 11:59:11.7519,5,618
14.463,2024/06/14 11:59:11.9689,3,672
14.493,2024/06/14 11:59:11.9989,5,618
14.739,2024/06/14 11:59:12.2449,5,618
14.956,2024/06/14 11:59:12.4619,3,639
15.448,2024/06/14 11:59:12.9539,3,629
17.664,2024/06/14 11:59:15.1699,3,670
18.157,2024/06/14 11:59:15.6629,3,645
18.895,2024/06/14 11:59:16.4009,3,637
19.388,2024/06/14 11:59:16.8939,3,671
20.373,2024/06/14 11:59:17.8789,3,693
20.65,2024/06/14 11:59:18.1559,5,651
20.866,2024/06/14 11:59:18.3719,3,696
20.896,2024/06/14 11:59:18.4019,5,651
21.141,2024/06/14 11:59:18.6469,5,651
21.604,2024/06/14 11:59:19.1099,3,661
22.097,2024/06/14 11:59:19.6029,3,661
23.082,2024/06/14 11:59:20.5879,3,680
23.575,2024/06/14 11:59:21.0809,3,690
23.851,2024/06/14 11:59:21.3569,5,651
24.068,2024/06/14 11:59:21.5739,3,669
24.098,2024/06/14 11:59:21.6039,5,651
24.344,2024/06/14 11:59:21.8499,5,651
25.052,2024/06/14 11:59:22.5579,3,650
25.791,2024/06/14 11:59:23.2969,3,672
26.284,2024/06/14 11:59:23.7899,3,682
27.053,2024/06/14 11:59:24.5589,5,674
27.268,2024/06/14 11:59:24.7739,3,683
27.299,2024/06/14 11:59:24.8049,5,674
27.515,2024/06/14 11:59:25.0209,3,645
28.038,2024/06/14 11:59:25.5439,5,674
28.254,2024/06/14 11:59:25.7599,3,636
28.284,2024/06/14 11:59:25.7899,5,674
28.531,2024/06/14 11:59:26.0369,5,674
28.746,2024/06/14 11:59:26.2519,3,655
28.777,2024/06/14 11:59:26.2829,5,674
29.022,2024/06/14 11:59:26.5279,5,674
29.269,2024/06/14 11:59:26.7749,5,674
29.485,2024/06/14 11:59:26.9909,3,667
29.515,2024/06/14 11:59:27.0209,5,674
29.762,2024/06/14 11:59:27.2679,5,674
29.978,2024/06/14 11:59:27.4839,3,673
30.008,2024/06/14 11:59:27.5139,5,674
30.254,2024/06/14 11:59:27.7599,5,674
30.501,2024/06/14 11:59:28.0069,5,682
30.716,2024/06/14 11:59:28.2219,3,646
30.747,2024/06/14 11:59:28.2529,5,682
30.993,2024/06/14 11:59:28.4989,5,682
31.239,2024/06/14 11:59:28.7449,5,682
31.455,2024/06/14 11:59:28.9609,3,635
31.486,2024/06/14 11:59:28.9919,5,682
31.732,2024/06/14 11:59:29.2379,5,682
31.978,2024/06/14 11:59:29.4839,5,682
32.194,2024/06/14 11:59:29.6999,3,651
32.224,2024/06/14 11:59:29.7299,5,682
32.471,2024/06/14 11:59:29.9769,5,682
32.687,2024/06/14 11:59:30.1929,3,661
32.716,2024/06/14 11:59:30.2219,5,682
33.426,2024/06/14 11:59:30.9319,3,688
35.642,2024/06/14 11:59:33.1479,3,666
35.918,2024/06/14 11:59:33.4239,5,682
36.134,2024/06/14 11:59:33.6399,3,685
36.873,2024/06/14 11:59:34.3789,3,693
37.366,2024/06/14 11:59:34.8719,3,682
38.351,2024/06/14 11:59:35.8569,3,658
38.628,2024/06/14 11:59:36.1339,5,666
38.844,2024/06/14 11:59:36.3499,3,665
38.874,2024/06/14 11:59:36.3799,5,666
39.12,2024/06/14 11:59:36.6259,5,666
39.582,2024/06/14 11:59:37.0879,3,682
40.075,2024/06/14 11:59:37.5809,3,694
41.06,2024/06/14 11:59:38.5659,3,669
41.552,2024/06/14 11:59:39.0579,3,646
41.829,2024/06/14 11:59:39.3349,5,666
42.076,2024/06/14 11:59:39.5819,5,666
42.322,2024/06/14 11:59:39.8279,5,666
42.537,2024/06/14 11:59:40.0429,3,668
42.784,2024/06/14 11:59:40.2899,3,682
43.769,2024/06/14 11:59:41.2749,3,704
44.262,2024/06/14 11:59:41.7679,3,688
45.031,2024/06/14 11:59:42.5369,5,682
45.246,2024/06/14 11:59:42.7519,3,664
45.277,2024/06/14 11:59:42.7829,5,682
45.523,2024/06/14 11:59:43.0289,5,682
45.739,2024/06/14 11:59:43.2449,3,673
46.478,2024/06/14 11:59:43.9839,3,684
46.97,2024/06/14 11:59:44.4759,3,696
47.463,2024/06/14 11:59:44.9689,3,682
48.233,2024/06/14 11:59:45.7389,5,666
48.448,2024/06/14 11:59:45.9539,3,650
48.479,2024/06/14 11:59:45.9849,5,666
48.724,2024/06/14 11:59:46.2299,5,666
48.941,2024/06/14 11:59:46.4469,3,658
49.68,2024/06/14 11:59:47.1859,3,663
50.172,2024/06/14 11:59:47.6779,3,674
51.157,2024/06/14 11:59:48.6629,3,663
51.434,2024/06/14 11:59:48.9399,5,666
51.65,2024/06/14 11:59:49.1559,3,646
51.68,2024/06/14 11:59:49.1859,5,666
51.927,2024/06/14 11:59:49.4329,5,666
52.635,2024/06/14 11:59:50.1409,3,662
52.88,2024/06/14 11:59:50.3859,3,676
53.866,2024/06/14 11:59:51.3719,3,686
54.358,2024/06/14 11:59:51.8639,3,659
54.635,2024/06/14 11:59:52.1409,5,682
54.851,2024/06/14 11:59:52.3569,3,645
54.882,2024/06/14 11:59:52.3879,5,682
55.128,2024/06/14 11:59:52.6339,5,682
55.836,2024/06/14 11:59:53.3419,3,667
56.328,2024/06/14 11:59:53.8339,3,683
57.068,2024/06/14 11:59:54.5739,3,692
57.561,2024/06/14 11:59:55.0669,3,681
57.837,2024/06/14 11:59:55.3429,5,682
58.083,2024/06/14 11:59:55.5889,5,682
58.299,2024/06/14 11:59:55.8049,3,653
58.33,2024/06/14 11:59:55.8359,5,682
58.576,2024/06/14 11:59:56.0819,5,674
58.822,2024/06/14 11:59:56.3279,5,674
59.038,2024/06/14 11:59:56.5439,3,676
59.068,2024/06/14 11:59:56.5739,5,674
59.314,2024/06/14 11:59:56.8199,5,674
59.56,2024/06/14 11:59:57.0659,5,674
59.777,2024/06/14 11:59:57.2829,3,680
59.807,2024/06/14 11:59:57.3129,5,674
60.054,2024/06/14 11:59:57.5599,5,674
60.269,2024/06/14 11:59:57.7749,3,695
60.299,2024/06/14 11:59:57.8049,5,674
60.546,2024/06/14 11:59:58.0519,5,674
60.792,2024/06/14 11:59:58.2979,5,674
61.008,2024/06/14 11:59:58.5139,3,668
61.039,2024/06/14 11:59:58.5449,5,674
61.285,2024/06/14 11:59:58.7909,5,674
61.5,2024/06/14 11:59:59.0059,3,645
61.531,2024/06/14 11:59:59.0369,5,674
61.778,2024/06/14 11:59:59.2839,5,674
62.024,2024/06/14 11:59:59.5299,5,674
62.24,2024/06/14 11:59:59.7459,3,654
62.27,2024/06/14 11:59:59.7759,5,674
62.516,2024/06/14 12:00:00.0219,5,674
62.762,2024/06/14 12:00:00.2679,5,674
63.009,2024/06/14 12:00:00.5149,5,674
63.224,2024/06/14 12:00:00.7299,3,655
63.255,2024/06/14 12:00:00.7609,5,674
63.502,2024/06/14 12:00:01.0079,5,674
63.717,2024/06/14 12:00:01.2229,3,655
64.21,2024/06/14 12:00:01.7159,3,660
66.21,2024/06/14 12:00:03.7159,5,674
66.426,2024/06/14 12:00:03.9319,3,658
66.918,2024/06/14 12:00:04.4239,3,663
67.411,2024/06/14 12:00:04.9169,3,665
68.15,2024/06/14 12:00:05.6559,3,644
69.135,2024/06/14 12:00:06.6409,3,635
69.904,2024/06/14 12:00:07.4099,5,674
70.859,2024/06/14 12:00:08.3649,3,675
71.352,2024/06/14 12:00:08.8579,3,646
72.336,2024/06/14 12:00:09.8419,3,643
72.614,2024/06/14 12:00:10.1199,5,666
72.829,2024/06/14 12:00:10.3349,3,660
72.86,2024/06/14 12:00:10.3659,5,666
73.106,2024/06/14 12:00:10.6119,5,666
73.322,2024/06/14 12:00:10.8279,3,663
74.06,2024/06/14 12:00:11.5659,3,655
74.553,2024/06/14 12:00:12.0589,3,629
75.538,2024/06/14 12:00:13.0439,3,611
76.03,2024/06/14 12:00:13.5359,3,616
76.308,2024/06/14 12:00:13.8139,5,666
76.523,2024/06/14 12:00:14.0289,3,636
77.262,2024/06/14 12:00:14.7679,3,659
78.247,2024/06/14 12:00:15.7529,3,689
78.74,2024/06/14 12:00:16.2459,3,700
79.017,2024/06/14 12:00:16.5229,5,666
79.263,2024/06/14 12:00:16.7689,5,666
79.725,2024/06/14 12:00:17.2309,3,707
80.463,2024/06/14 12:00:17.9689,3,707
80.709,2024/06/14 12:00:18.2149,3,710
81.449,2024/06/14 12:00:18.9549,3,706
82.219,2024/06/14 12:00:19.7249,5,659
82.433,2024/06/14 12:00:19.9389,3,705
82.464,2024/06/14 12:00:19.9699,5,659
82.711,2024/06/14 12:00:20.2169,5,659
82.926,2024/06/14 12:00:20.4319,3,700
83.664,2024/06/14 12:00:21.1699,3,691
84.157,2024/06/14 12:00:21.6629,3,684
85.142,2024/06/14 12:00:22.6479,3,682
85.42,2024/06/14 12:00:22.9259,5,659
85.635,2024/06/14 12:00:23.1409,3,678
85.666,2024/06/14 12:00:23.1719,5,659
85.912,2024/06/14 12:00:23.4179,5,659
86.62,2024/06/14 12:00:24.1259,3,684
86.866,2024/06/14 12:00:24.3719,3,681
87.605,2024/06/14 12:00:25.1109,3,674
87.637,2024/06/14 12:00:25.1429,5,666
87.882,2024/06/14 12:00:25.3879,5,666
88.344,2024/06/14 12:00:25.8499,3,650
88.837,2024/06/14 12:00:26.3429,3,660
89.113,2024/06/14 12:00:26.6189,5,689
89.36,2024/06/14 12:00:26.8659,5,689
89.575,2024/06/14 12:00:27.0809,3,663
89.606,2024/06/14 12:00:27.1119,5,697
89.853,2024/06/14 12:00:27.3589,5,697
90.099,2024/06/14 12:00:27.6049,5,697
90.315,2024/06/14 12:00:27.8209,3,673
90.346,2024/06/14 12:00:27.8519,5,697
90.592,2024/06/14 12:00:28.0979,5,697
90.838,2024/06/14 12:00:28.3439,5,697
91.299,2024/06/14 12:00:28.8049,3,686
91.545,2024/06/14 12:00:29.0509,3,674
91.576,2024/06/14 12:00:29.0819,5,697
91.823,2024/06/14 12:00:29.3289,5,697
92.069,2024/06/14 12:00:29.5749,5,697
92.285,2024/06/14 12:00:29.7909,3,670
92.316,2024/06/14 12:00:29.8219,5,697
92.562,2024/06/14 12:00:30.0679,5,697
92.808,2024/06/14 12:00:30.3139,5,697
93.024,2024/06/14 12:00:30.5299,3,675
93.055,2024/06/14 12:00:30.5609,5,697
93.301,2024/06/14 12:00:30.8069,5,697
93.547,2024/06/14 12:00:31.0529,5,697
93.762,2024/06/14 12:00:31.2679,3,678
93.793,2024/06/14 12:00:31.2989,5,697
94.039,2024/06/14 12:00:31.5449,5,697
94.285,2024/06/14 12:00:31.7909,5,697
94.501,2024/06/14 12:00:32.0069,3,673
94.532,2024/06/14 12:00:32.0379,5,697
94.994,2024/06/14 12:00:32.4999,3,652
95.271,2024/06/14 12:00:32.7769,5,697
95.517,2024/06/14 12:00:33.0229,5,697
95.732,2024/06/14 12:00:33.2379,3,640
95.764,2024/06/14 12:00:33.2699,5,697
96.009,2024/06/14 12:00:33.5149,5,697
96.225,2024/06/14 12:00:33.7309,3,658
96.256,2024/06/14 12:00:33.7619,5,697
96.502,2024/06/14 12:00:34.0079,5,697
96.748,2024/06/14 12:00:34.2539,5,697
96.964,2024/06/14 12:00:34.4699,3,668
96.995,2024/06/14 12:00:34.5009,5,697
97.241,2024/06/14 12:00:34.7469,5,697
97.488,2024/06/14 12:00:34.9939,5,697
97.702,2024/06/14 12:00:35.2079,3,671
98.195,2024/06/14 12:00:35.7009,3,650
98.226,2024/06/14 12:00:35.7319,5,689
98.472,2024/06/14 12:00:35.9779,5,689
98.719,2024/06/14 12:00:36.2249,5,682
98.933,2024/06/14 12:00:36.4389,3,639
99.426,2024/06/14 12:00:36.9319,3,654
99.457,2024/06/14 12:00:36.9629,5,682
99.704,2024/06/14 12:00:37.2099,5,682
99.95,2024/06/14 12:00:37.4559,5,682
100.165,2024/06/14 12:00:37.6709,3,650
100.196,2024/06/14 12:00:37.7019,5,682
100.658,2024/06/14 12:00:38.1639,3,648
100.935,2024/06/14 12:00:38.4409,5,674
101.182,2024/06/14 12:00:38.6879,5,674
101.396,2024/06/14 12:00:38.9019,3,626
101.428,2024/06/14 12:00:38.9339,5,674
101.673,2024/06/14 12:00:39.1789,5,674
101.92,2024/06/14 12:00:39.4259,5,674
102.136,2024/06/14 12:00:39.6419,3,625
102.167,2024/06/14 12:00:39.6729,5,674
102.412,2024/06/14 12:00:39.9179,5,674
102.628,2024/06/14 12:00:40.1339,3,638
102.659,2024/06/14 12:00:40.1649,5,674
102.905,2024/06/14 12:00:40.4109,5,674
103.152,2024/06/14 12:00:40.6579,5,674
103.398,2024/06/14 12:00:40.9039,5,674
103.612,2024/06/14 12:00:41.1179,3,648
103.644,2024/06/14 12:00:41.1499,5,674
103.891,2024/06/14 12:00:41.3969,5,674
104.351,2024/06/14 12:00:41.8569,3,669
104.598,2024/06/14 12:00:42.1039,3,656
104.629,2024/06/14 12:00:42.1349,5,666
104.875,2024/06/14 12:00:42.3809,5,666
105.121,2024/06/14 12:00:42.6269,5,666
105.337,2024/06/14 12:00:42.8429,3,635
105.368,2024/06/14 12:00:42.8739,5,666
105.614,2024/06/14 12:00:43.1199,5,666
105.861,2024/06/14 12:00:43.3669,5,666
106.075,2024/06/14 12:00:43.5809,3,654
106.107,2024/06/14 12:00:43.6129,5,666
106.353,2024/06/14 12:00:43.8589,5,666
106.568,2024/06/14 12:00:44.0739,3,661
106.599,2024/06/14 12:00:44.1049,5,666
106.845,2024/06/14 12:00:44.3509,5,666
107.307,2024/06/14 12:00:44.8129,3,670
107.585,2024/06/14 12:00:45.0909,5,659
107.831,2024/06/14 12:00:45.3369,5,659
108.046,2024/06/14 12:00:45.5519,3,654
108.539,2024/06/14 12:00:46.0449,3,635
108.57,2024/06/14 12:00:46.0759,5,659
108.816,2024/06/14 12:00:46.3219,5,659
109.062,2024/06/14 12:00:46.5679,5,659
109.28,2024/06/14 12:00:46.7859,3,651
109.308,2024/06/14 12:00:46.8139,5,659
109.555,2024/06/14 12:00:47.0609,5,659
109.77,2024/06/14 12:00:47.2759,3,646
109.801,2024/06/14 12:00:47.3069,5,659
110.048,2024/06/14 12:00:47.5539,5,659
110.293,2024/06/14 12:00:47.7989,5,659
110.508,2024/06/14 12:00:48.0139,3,642
110.539,2024/06/14 12:00:48.0449,5,659
110.786,2024/06/14 12:00:48.2919,5,659
111.032,2024/06/14 12:00:48.5379,5,659
111.251,2024/06/14 12:00:48.7569,3,617
111.278,2024/06/14 12:00:48.7839,5,659
111.525,2024/06/14 12:00:49.0309,5,659
111.771,2024/06/14 12:00:49.2769,5,659
111.986,2024/06/14 12:00:49.4919,3,622
112.018,2024/06/14 12:00:49.5239,5,659
112.232,2024/06/14 12:00:49.7379,3,613
112.263,2024/06/14 12:00:49.7689,5,659
112.51,2024/06/14 12:00:50.0159,5,659
112.756,2024/06/14 12:00:50.2619,5,659
112.971,2024/06/14 12:00:50.4769,3,604
113.002,2024/06/14 12:00:50.5079,5,659
113.249,2024/06/14 12:00:50.7549,5,659
113.463,2024/06/14 12:00:50.9689,3,597
113.495,2024/06/14 12:00:51.0009,5,659
113.742,2024/06/14 12:00:51.2479,5,659
113.988,2024/06/14 12:00:51.4939,5,659
114.203,2024/06/14 12:00:51.7089,3,598
114.234,2024/06/14 12:00:51.7399,5,658
114.48,2024/06/14 12:00:51.9859,5,659
114.696,2024/06/14 12:00:52.2019,3,604
114.726,2024/06/14 12:00:52.2319,5,659
114.973,2024/06/14 12:00:52.4789,5,659
115.187,2024/06/14 12:00:52.6929,3,590
115.219,2024/06/14 12:00:52.7249,5,659
115.466,2024/06/14 12:00:52.9719,5,659
115.926,2024/06/14 12:00:53.4319,3,593
116.204,2024/06/14 12:00:53.7099,5,659
116.419,2024/06/14 12:00:53.9249,3,603
116.943,2024/06/14 12:00:54.4489,5,651
117.158,2024/06/14 12:00:54.6639,3,618
117.189,2024/06/14 12:00:54.6949,5,651
117.436,2024/06/14 12:00:54.9419,5,651
117.682,2024/06/14 12:00:55.1879,5,651
117.897,2024/06/14 12:00:55.4029,3,638
117.928,2024/06/14 12:00:55.4339,5,651
118.174,2024/06/14 12:00:55.6799,5,651
118.389,2024/06/14 12:00:55.8949,3,651
118.913,2024/06/14 12:00:56.4189,5,651
119.128,2024/06/14 12:00:56.6339,3,630
119.159,2024/06/14 12:00:56.6649,5,651
119.867,2024/06/14 12:00:57.3729,3,622
119.899,2024/06/14 12:00:57.4049,5,631
120.144,2024/06/14 12:00:57.6499,5,631
120.359,2024/06/14 12:00:57.8649,3,645
120.39,2024/06/14 12:00:57.8959,5,631
120.637,2024/06/14 12:00:58.1429,5,618
120.883,2024/06/14 12:00:58.3889,5,618
121.099,2024/06/14 12:00:58.6049,3,658
121.13,2024/06/14 12:00:58.6359,5,618
121.376,2024/06/14 12:00:58.8819,5,618
121.622,2024/06/14 12:00:59.1279,5,611
121.837,2024/06/14 12:00:59.3429,3,675
121.871,2024/06/14 12:00:59.3769,5,611
122.114,2024/06/14 12:00:59.6199,5,611
122.33,2024/06/14 12:00:59.8359,3,678
122.361,2024/06/14 12:00:59.8669,5,611
122.607,2024/06/14 12:01:00.1129,5,611
122.853,2024/06/14 12:01:00.3589,5,611
123.068,2024/06/14 12:01:00.5739,3,656
123.1,2024/06/14 12:01:00.6059,5,611
123.346,2024/06/14 12:01:00.8519,5,611
123.592,2024/06/14 12:01:01.0979,5,611
123.838,2024/06/14 12:01:01.3439,5,611
124.085,2024/06/14 12:01:01.5909,5,611
124.299,2024/06/14 12:01:01.8049,3,669
124.331,2024/06/14 12:01:01.8369,5,611
124.546,2024/06/14 12:01:02.0519,3,671
124.578,2024/06/14 12:01:02.0839,5,611
124.824,2024/06/14 12:01:02.3299,5,611
125.039,2024/06/14 12:01:02.5449,3,671
125.07,2024/06/14 12:01:02.5759,5,611
125.316,2024/06/14 12:01:02.8219,5,611
125.563,2024/06/14 12:01:03.0689,5,611
125.777,2024/06/14 12:01:03.2829,3,680
125.809,2024/06/14 12:01:03.3149,5,611
126.055,2024/06/14 12:01:03.5609,5,611
126.27,2024/06/14 12:01:03.7759,3,652
126.302,2024/06/14 12:01:03.8079,5,611
126.547,2024/06/14 12:01:04.0529,5,618
126.794,2024/06/14 12:01:04.2999,5,618
127.009,2024/06/14 12:01:04.5149,3,660
127.04,2024/06/14 12:01:04.5459,5,618
127.286,2024/06/14 12:01:04.7919,5,618
127.533,2024/06/14 12:01:05.0389,5,625
127.748,2024/06/14 12:01:05.2539,3,664
127.779,2024/06/14 12:01:05.2849,5,625
128.025,2024/06/14 12:01:05.5309,5,625
128.272,2024/06/14 12:01:05.7779,5,625
128.486,2024/06/14 12:01:05.9919,3,669
128.517,2024/06/14 12:01:06.0229,5,645
128.979,2024/06/14 12:01:06.4849,3,657
129.256,2024/06/14 12:01:06.7619,5,645
129.503,2024/06/14 12:01:07.0089,5,645
129.717,2024/06/14 12:01:07.2229,3,639
129.749,2024/06/14 12:01:07.2549,5,645
129.996,2024/06/14 12:01:07.5019,5,645
130.242,2024/06/14 12:01:07.7479,5,645
130.457,2024/06/14 12:01:07.9629,3,651
130.488,2024/06/14 12:01:07.9939,5,645
130.735,2024/06/14 12:01:08.2409,5,659
130.98,2024/06/14 12:01:08.4859,5,659
131.196,2024/06/14 12:01:08.7019,3,672
131.227,2024/06/14 12:01:08.7329,5,659
131.473,2024/06/14 12:01:08.9789,5,659
131.688,2024/06/14 12:01:09.1939,3,686
131.719,2024/06/14 12:01:09.2249,5,666
131.966,2024/06/14 12:01:09.4719,5,666
132.212,2024/06/14 12:01:09.7179,5,666
132.427,2024/06/14 12:01:09.9329,3,691
132.458,2024/06/14 12:01:09.9639,5,666
132.705,2024/06/14 12:01:10.2109,5,666
132.95,2024/06/14 12:01:10.4559,5,666
133.197,2024/06/14 12:01:10.7029,5,666
133.412,2024/06/14 12:01:10.9179,3,664
133.443,2024/06/14 12:01:10.9489,5,666
133.69,2024/06/14 12:01:11.1959,5,666
133.904,2024/06/14 12:01:11.4099,3,656
133.936,2024/06/14 12:01:11.4419,5,666
134.183,2024/06/14 12:01:11.6889,5,666
134.429,2024/06/14 12:01:11.9349,5,666
134.643,2024/06/14 12:01:12.1489,3,683
134.674,2024/06/14 12:01:12.1799,5,666
134.921,2024/06/14 12:01:12.4269,5,666
135.167,2024/06/14 12:01:12.6729,5,666
135.382,2024/06/14 12:01:12.8879,3,686
135.874,2024/06/14 12:01:13.3799,3,697
135.906,2024/06/14 12:01:13.4119,5,666
136.367,2024/06/14 12:01:13.8729,3,672
136.645,2024/06/14 12:01:14.1509,5,666
137.106,2024/06/14 12:01:14.6119,3,654
137.384,2024/06/14 12:01:14.8899,5,666
137.63,2024/06/14 12:01:15.1359,5,666
137.845,2024/06/14 12:01:15.3509,3,671
138.368,2024/06/14 12:01:15.8739,5,666
138.584,2024/06/14 12:01:16.0899,3,671
138.615,2024/06/14 12:01:16.1209,5,666
138.861,2024/06/14 12:01:16.3669,5,665
139.076,2024/06/14 12:01:16.5819,3,681
139.6,2024/06/14 12:01:17.1059,5,666
139.815,2024/06/14 12:01:17.3209,3,685
139.846,2024/06/14 12:01:17.3519,5,666
140.092,2024/06/14 12:01:17.5979,5,666
140.339,2024/06/14 12:01:17.8449,5,666
140.554,2024/06/14 12:01:18.0599,3,672
140.585,2024/06/14 12:01:18.0909,5,674
140.831,2024/06/14 12:01:18.3369,5,674
141.078,2024/06/14 12:01:18.5839,5,674
141.293,2024/06/14 12:01:18.7989,3,667
141.324,2024/06/14 12:01:18.8299,5,674
141.571,2024/06/14 12:01:19.0769,5,674
141.785,2024/06/14 12:01:19.2909,3,686
142.524,2024/06/14 12:01:20.0299,3,685
142.555,2024/06/14 12:01:20.0609,5,674
142.802,2024/06/14 12:01:20.3079,5,674
143.048,2024/06/14 12:01:20.5539,5,674
143.294,2024/06/14 12:01:20.7999,5,674
143.541,2024/06/14 12:01:21.0469,5,674
143.787,2024/06/14 12:01:21.2929,5,674
144.494,2024/06/14 12:01:21.9999,3,640
144.525,2024/06/14 12:01:22.0309,5,674
145.233,2024/06/14 12:01:22.7389,3,651
145.265,2024/06/14 12:01:22.7709,5,674
145.511,2024/06/14 12:01:23.0169,5,674
145.757,2024/06/14 12:01:23.2629,5,674
145.971,2024/06/14 12:01:23.4769,3,657
146.003,2024/06/14 12:01:23.5089,5,674
146.25,2024/06/14 12:01:23.7559,5,674
146.464,2024/06/14 12:01:23.9699,3,668
146.496,2024/06/14 12:01:24.0019,5,674
146.742,2024/06/14 12:01:24.2479,5,674
146.989,2024/06/14 12:01:24.4949,5,674
147.203,2024/06/14 12:01:24.7089,3,702
147.235,2024/06/14 12:01:24.7409,5,674
147.481,2024/06/14 12:01:24.9869,5,674
147.727,2024/06/14 12:01:25.2329,5,674
147.942,2024/06/14 12:01:25.4479,3,680
147.974,2024/06/14 12:01:25.4799,5,674
148.681,2024/06/14 12:01:26.1869,3,666
148.958,2024/06/14 12:01:26.4639,5,674
149.173,2024/06/14 12:01:26.6789,3,689
149.205,2024/06/14 12:01:26.7109,5,674
149.451,2024/06/14 12:01:26.9569,5,674
149.698,2024/06/14 12:01:27.2039,5,674
149.912,2024/06/14 12:01:27.4179,3,691
149.944,2024/06/14 12:01:27.4499,5,674
150.19,2024/06/14 12:01:27.6959,5,674
150.437,2024/06/14 12:01:27.9429,5,674
150.651,2024/06/14 12:01:28.1569,3,699
150.683,2024/06/14 12:01:28.1889,5,674
151.39,2024/06/14 12:01:28.8959,3,673
151.914,2024/06/14 12:01:29.4199,5,674
152.128,2024/06/14 12:01:29.6339,3,646
152.16,2024/06/14 12:01:29.6659,5,674
152.406,2024/06/14 12:01:29.9119,5,674
152.621,2024/06/14 12:01:30.1269,3,668
152.653,2024/06/14 12:01:30.1589,5,674
152.899,2024/06/14 12:01:30.4049,5,674
153.146,2024/06/14 12:01:30.6519,5,674
153.36,2024/06/14 12:01:30.8659,3,669
153.391,2024/06/14 12:01:30.8969,5,674
153.637,2024/06/14 12:01:31.1429,5,674
153.884,2024/06/14 12:01:31.3899,5,674
154.098,2024/06/14 12:01:31.6039,3,668
154.591,2024/06/14 12:01:32.0969,3,654
154.623,2024/06/14 12:01:32.1289,5,674
154.869,2024/06/14 12:01:32.3749,5,674
155.116,2024/06/14 12:01:32.6219,5,674
155.361,2024/06/14 12:01:32.8669,5,674
155.577,2024/06/14 12:01:33.0829,3,653
155.608,2024/06/14 12:01:33.1139,5,674
155.854,2024/06/14 12:01:33.3599,5,674
156.068,2024/06/14 12:01:33.5739,3,681
156.1,2024/06/14 12:01:33.6059,5,674
156.347,2024/06/14 12:01:33.8529,5,674
156.561,2024/06/14 12:01:34.0669,3,682
156.593,2024/06/14 12:01:34.0989,5,674
156.84,2024/06/14 12:01:34.3459,5,674
157.086,2024/06/14 12:01:34.5919,5,674
157.301,2024/06/14 12:01:34.8069,3,684
157.793,2024/06/14 12:01:35.2989,3,653
158.531,2024/06/14 12:01:36.0369,3,643
158.81,2024/06/14 12:01:36.3159,5,674
159.056,2024/06/14 12:01:36.5619,5,674
159.271,2024/06/14 12:01:36.7769,3,653
159.795,2024/06/14 12:01:37.3009,5,674
160.009,2024/06/14 12:01:37.5149,3,657
160.041,2024/06/14 12:01:37.5469,5,674
160.287,2024/06/14 12:01:37.7929,5,674
160.502,2024/06/14 12:01:38.0079,3,675
160.534,2024/06/14 12:01:38.0399,5,674
161.241,2024/06/14 12:01:38.7469,3,676
161.273,2024/06/14 12:01:38.7789,5,674
161.518,2024/06/14 12:01:39.0239,5,674
161.733,2024/06/14 12:01:39.2389,3,657
161.765,2024/06/14 12:01:39.2709,5,674
162.011,2024/06/14 12:01:39.5169,5,674
162.258,2024/06/14 12:01:39.7639,5,673
162.472,2024/06/14 12:01:39.9779,3,624
162.504,2024/06/14 12:01:40.0099,5,674
162.75,2024/06/14 12:01:40.2559,5,674
162.996,2024/06/14 12:01:40.5019,5,674
163.211,2024/06/14 12:01:40.7169,3,612
163.243,2024/06/14 12:01:40.7489,5,674
163.489,2024/06/14 12:01:40.9949,5,674
163.703,2024/06/14 12:01:41.2089,3,624
164.227,2024/06/14 12:01:41.7329,5,674
164.442,2024/06/14 12:01:41.9479,3,668
164.474,2024/06/14 12:01:41.9799,5,674
164.72,2024/06/14 12:01:42.2259,5,674
164.966,2024/06/14 12:01:42.4719,5,674
165.181,2024/06/14 12:01:42.6869,3,677
165.213,2024/06/14 12:01:42.7189,5,674
165.459,2024/06/14 12:01:42.9649,5,674
165.705,2024/06/14 12:01:43.2109,5,674
165.919,2024/06/14 12:01:43.4249,3,695
165.951,2024/06/14 12:01:43.4569,5,674
166.198,2024/06/14 12:01:43.7039,5,674
166.444,2024/06/14 12:01:43.9499,5,674
166.658,2024/06/14 12:01:44.1639,3,712
166.69,2024/06/14 12:01:44.1959,5,674
166.937,2024/06/14 12:01:44.4429,5,674
167.183,2024/06/14 12:01:44.6889,5,674
167.397,2024/06/14 12:01:44.9029,3,707
167.43,2024/06/14 12:01:44.9359,5,674
167.889,2024/06/14 12:01:45.3949,3,719
168.168,2024/06/14 12:01:45.6739,5,666
168.629,2024/06/14 12:01:46.1349,3,694
168.907,2024/06/14 12:01:46.4129,5,666
169.153,2024/06/14 12:01:46.6589,5,666
169.368,2024/06/14 12:01:46.8739,3,696
169.4,2024/06/14 12:01:46.9059,5,666
169.646,2024/06/14 12:01:47.1519,5,666
169.892,2024/06/14 12:01:47.3979,5,666
170.107,2024/06/14 12:01:47.6129,3,692
170.139,2024/06/14 12:01:47.6449,5,666
170.384,2024/06/14 12:01:47.8899,5,666
170.63,2024/06/14 12:01:48.1359,5,666
170.877,2024/06/14 12:01:48.3829,5,666
171.091,2024/06/14 12:01:48.5969,3,691
171.123,2024/06/14 12:01:48.6289,5,666
171.338,2024/06/14 12:01:48.8439,3,681
171.37,2024/06/14 12:01:48.8759,5,666
171.616,2024/06/14 12:01:49.1219,5,666
171.862,2024/06/14 12:01:49.3679,5,666
172.077,2024/06/14 12:01:49.5829,3,665
172.109,2024/06/14 12:01:49.6149,5,666
172.355,2024/06/14 12:01:49.8609,5,666
172.601,2024/06/14 12:01:50.1069,5,666
172.816,2024/06/14 12:01:50.3219,3,674
172.847,2024/06/14 12:01:50.3529,5,666
173.554,2024/06/14 12:01:51.0599,3,677
173.586,2024/06/14 12:01:51.0919,5,674
174.046,2024/06/14 12:01:51.5519,3,673
174.326,2024/06/14 12:01:51.8319,5,674
174.571,2024/06/14 12:01:52.0769,5,682
174.785,2024/06/14 12:01:52.2909,3,656
174.817,2024/06/14 12:01:52.3229,5,682
175.064,2024/06/14 12:01:52.5699,5,682
175.524,2024/06/14 12:01:53.0299,3,643
175.802,2024/06/14 12:01:53.3079,5,697
176.017,2024/06/14 12:01:53.5229,3,653
176.049,2024/06/14 12:01:53.5549,5,697
176.295,2024/06/14 12:01:53.8009,5,697
176.541,2024/06/14 12:01:54.0469,5,697
176.756,2024/06/14 12:01:54.2619,3,660
177.249,2024/06/14 12:01:54.7549,3,662
177.28,2024/06/14 12:01:54.7859,5,697
177.527,2024/06/14 12:01:55.0329,5,697
177.773,2024/06/14 12:01:55.2789,5,697
177.987,2024/06/14 12:01:55.4929,3,655
178.02,2024/06/14 12:01:55.5259,5,697
178.265,2024/06/14 12:01:55.7709,5,697
178.512,2024/06/14 12:01:56.0179,5,697
178.726,2024/06/14 12:01:56.2319,3,645
178.758,2024/06/14 12:01:56.2639,5,697
179.004,2024/06/14 12:01:56.5099,5,697
179.219,2024/06/14 12:01:56.7249,3,649
179.743,2024/06/14 12:01:57.2489,5,697
179.958,2024/06/14 12:01:57.4639,3,650
179.99,2024/06/14 12:01:57.4959,5,697
180.236,2024/06/14 12:01:57.7419,5,697
180.482,2024/06/14 12:01:57.9879,5,697
180.696,2024/06/14 12:01:58.2019,3,653
180.728,2024/06/14 12:01:58.2339,5,689
180.974,2024/06/14 12:01:58.4799,5,689
181.188,2024/06/14 12:01:58.6939,3,662
181.22,2024/06/14 12:01:58.7259,5,689
181.467,2024/06/14 12:01:58.9729,5,689
181.713,2024/06/14 12:01:59.2189,5,682
181.928,2024/06/14 12:01:59.4339,3,648
181.959,2024/06/14 12:01:59.4649,5,682
182.206,2024/06/14 12:01:59.7119,5,682
182.666,2024/06/14 12:02:00.1719,3,644
182.945,2024/06/14 12:02:00.4509,5,674
183.158,2024/06/14 12:02:00.6639,3,656
183.191,2024/06/14 12:02:00.6969,5,674
183.438,2024/06/14 12:02:00.9439,5,674
183.684,2024/06/14 12:02:01.1899,5,674
183.898,2024/06/14 12:02:01.4039,3,646
183.93,2024/06/14 12:02:01.4359,5,674
184.176,2024/06/14 12:02:01.6819,5,674
184.39,2024/06/14 12:02:01.8959,3,646
184.422,2024/06/14 12:02:01.9279,5,674
184.669,2024/06/14 12:02:02.1749,5,666
184.915,2024/06/14 12:02:02.4209,5,666
185.129,2024/06/14 12:02:02.6349,3,632
185.161,2024/06/14 12:02:02.6669,5,666
185.407,2024/06/14 12:02:02.9129,5,665
185.868,2024/06/14 12:02:03.3739,3,649
186.36,2024/06/14 12:02:03.8659,3,659
186.638,2024/06/14 12:02:04.1439,5,666
186.885,2024/06/14 12:02:04.3909,5,666
187.099,2024/06/14 12:02:04.6049,3,671
187.624,2024/06/14 12:02:05.1299,5,666
187.838,2024/06/14 12:02:05.3439,3,653
187.87,2024/06/14 12:02:05.3759,5,659
188.117,2024/06/14 12:02:05.6229,5,659
188.33,2024/06/14 12:02:05.8359,3,642
188.362,2024/06/14 12:02:05.8679,5,659
188.609,2024/06/14 12:02:06.1149,5,659
188.855,2024/06/14 12:02:06.3609,5,659
189.069,2024/06/14 12:02:06.5749,3,662
189.101,2024/06/14 12:02:06.6069,5,659
189.348,2024/06/14 12:02:06.8539,5,659
189.594,2024/06/14 12:02:07.0999,5,659
189.808,2024/06/14 12:02:07.3139,3,663
189.841,2024/06/14 12:02:07.3469,5,659
190.087,2024/06/14 12:02:07.5929,5,659
190.301,2024/06/14 12:02:07.8069,3,672
190.332,2024/06/14 12:02:07.8379,5,659
190.579,2024/06/14 12:02:08.0849,5,659
191.039,2024/06/14 12:02:08.5449,3,642
191.318,2024/06/14 12:02:08.8239,5,659
191.564,2024/06/14 12:02:09.0699,5,659
191.779,2024/06/14 12:02:09.2849,3,644
191.811,2024/06/14 12:02:09.3169,5,659
192.057,2024/06/14 12:02:09.5629,5,659
192.271,2024/06/14 12:02:09.7769,3,653
192.303,2024/06/14 12:02:09.8089,5,659
192.549,2024/06/14 12:02:10.0549,5,659
193.01,2024/06/14 12:02:10.5159,3,656
193.288,2024/06/14 12:02:10.7939,5,659
193.502,2024/06/14 12:02:11.0079,3,656
193.534,2024/06/14 12:02:11.0399,5,659
193.78,2024/06/14 12:02:11.2859,5,659
194.027,2024/06/14 12:02:11.5329,5,659
194.241,2024/06/14 12:02:11.7469,3,625
194.273,2024/06/14 12:02:11.7789,5,659
194.52,2024/06/14 12:02:12.0259,5,659
194.733,2024/06/14 12:02:12.2389,3,610
194.766,2024/06/14 12:02:12.2719,5,659
195.012,2024/06/14 12:02:12.5179,5,659
195.258,2024/06/14 12:02:12.7639,5,659
195.473,2024/06/14 12:02:12.9789,3,601
195.505,2024/06/14 12:02:13.0109,5,659
195.751,2024/06/14 12:02:13.2569,5,659
195.998,2024/06/14 12:02:13.5039,5,659
196.244,2024/06/14 12:02:13.7499,5,659
196.458,2024/06/14 12:02:13.9639,3,618
196.489,2024/06/14 12:02:13.9949,5,659
196.704,2024/06/14 12:02:14.2099,3,657
196.736,2024/06/14 12:02:14.2419,5,659
196.983,2024/06/14 12:02:14.4889,5,659
197.229,2024/06/14 12:02:14.7349,5,659
197.443,2024/06/14 12:02:14.9489,3,669
197.967,2024/06/14 12:02:15.4729,5,659
198.182,2024/06/14 12:02:15.6879,3,688
198.706,2024/06/14 12:02:16.2119,5,659
198.92,2024/06/14 12:02:16.4259,3,684
198.953,2024/06/14 12:02:16.4589,5,659
199.199,2024/06/14 12:02:16.7049,5,659
199.413,2024/06/14 12:02:16.9189,3,683
199.445,2024/06/14 12:02:16.9509,5,659
199.691,2024/06/14 12:02:17.1969,5,659
199.937,2024/06/14 12:02:17.4429,5,651
200.152,2024/06/14 12:02:17.6579,3,671
200.184,2024/06/14 12:02:17.6899,5,651
200.43,2024/06/14 12:02:17.9359,5,651
200.676,2024/06/14 12:02:18.1819,5,651
200.89,2024/06/14 12:02:18.3959,3,651
200.923,2024/06/14 12:02:18.4289,5,651
201.169,2024/06/14 12:02:18.6749,5,651
201.383,2024/06/14 12:02:18.8889,3,642
201.415,2024/06/14 12:02:18.9209,5,651
201.662,2024/06/14 12:02:19.1679,5,651
201.907,2024/06/14 12:02:19.4129,5,651
202.122,2024/06/14 12:02:19.6279,3,645
202.646,2024/06/14 12:02:20.1519,5,651
202.861,2024/06/14 12:02:20.3669,3,651
202.893,2024/06/14 12:02:20.3989,5,651
203.139,2024/06/14 12:02:20.6449,5,651
203.353,2024/06/14 12:02:20.8589,3,648
203.385,2024/06/14 12:02:20.8909,5,651
203.631,2024/06/14 12:02:21.1369,5,651
203.878,2024/06/14 12:02:21.3839,5,651
204.091,2024/06/14 12:02:21.5969,3,642
204.124,2024/06/14 12:02:21.6299,5,651
204.371,2024/06/14 12:02:21.8769,5,651
204.584,2024/06/14 12:02:22.0899,3,630
204.617,2024/06/14 12:02:22.1229,5,651
204.863,2024/06/14 12:02:22.3689,5,659
205.324,2024/06/14 12:02:22.8299,3,627
205.602,2024/06/14 12:02:23.1079,5,659
205.816,2024/06/14 12:02:23.3219,3,633
206.341,2024/06/14 12:02:23.8469,5,659
206.554,2024/06/14 12:02:24.0599,3,633
206.587,2024/06/14 12:02:24.0929,5,659
206.833,2024/06/14 12:02:24.3389,5,659
207.079,2024/06/14 12:02:24.5849,5,659
207.293,2024/06/14 12:02:24.7989,3,638
207.326,2024/06/14 12:02:24.8319,5,659
207.572,2024/06/14 12:02:25.0779,5,659
207.819,2024/06/14 12:02:25.3249,5,659
208.032,2024/06/14 12:02:25.5379,3,629
208.065,2024/06/14 12:02:25.5709,5,659
208.311,2024/06/14 12:02:25.8169,5,659
208.525,2024/06/14 12:02:26.0309,3,622
208.557,2024/06/14 12:02:26.0629,5,659
208.803,2024/06/14 12:02:26.3089,5,659
209.049,2024/06/14 12:02:26.5549,5,659
209.264,2024/06/14 12:02:26.7699,3,646
209.296,2024/06/14 12:02:26.8019,5,658
209.542,2024/06/14 12:02:27.0479,5,659
209.756,2024/06/14 12:02:27.2619,3,669
209.789,2024/06/14 12:02:27.2949,5,659
210.035,2024/06/14 12:02:27.5409,5,659
210.281,2024/06/14 12:02:27.7869,5,659
210.495,2024/06/14 12:02:28.0009,3,676
210.528,2024/06/14 12:02:28.0339,5,659
210.773,2024/06/14 12:02:28.2789,5,659
211.02,2024/06/14 12:02:28.5259,5,659
211.234,2024/06/14 12:02:28.7399,3,684
211.266,2024/06/14 12:02:28.7719,5,659
211.513,2024/06/14 12:02:29.0189,5,659
211.726,2024/06/14 12:02:29.2319,3,681
211.759,2024/06/14 12:02:29.2649,5,651
212.005,2024/06/14 12:02:29.5109,5,651
212.251,2024/06/14 12:02:29.7569,5,651
212.465,2024/06/14 12:02:29.9709,3,680
212.498,2024/06/14 12:02:30.0039,5,651
212.744,2024/06/14 12:02:30.2499,5,651
212.99,2024/06/14 12:02:30.4959,5,651
213.204,2024/06/14 12:02:30.7099,3,652
213.237,2024/06/14 12:02:30.7429,5,651
213.482,2024/06/14 12:02:30.9879,5,651
213.697,2024/06/14 12:02:31.2029,3,661
213.729,2024/06/14 12:02:31.2349,5,651
213.975,2024/06/14 12:02:31.4809,5,651
214.222,2024/06/14 12:02:31.7279,5,651
214.467,2024/06/14 12:02:31.9729,5,651
214.682,2024/06/14 12:02:32.1879,3,655
214.714,2024/06/14 12:02:32.2199,5,651
214.96,2024/06/14 12:02:32.4659,5,651
215.175,2024/06/14 12:02:32.6809,3,658
215.206,2024/06/14 12:02:32.7119,5,651
215.453,2024/06/14 12:02:32.9589,5,651
215.666,2024/06/14 12:02:33.1719,3,658
215.699,2024/06/14 12:02:33.2049,5,651
215.946,2024/06/14 12:02:33.4519,5,651
216.192,2024/06/14 12:02:33.6979,5,651
216.405,2024/06/14 12:02:33.9109,3,655
216.438,2024/06/14 12:02:33.9439,5,651
216.684,2024/06/14 12:02:34.1899,5,651
216.898,2024/06/14 12:02:34.4039,3,646
217.637,2024/06/14 12:02:35.1429,3,622
217.915,2024/06/14 12:02:35.4209,5,659
218.129,2024/06/14 12:02:35.6349,3,613
218.162,2024/06/14 12:02:35.6679,5,659
218.408,2024/06/14 12:02:35.9139,5,659
218.655,2024/06/14 12:02:36.1609,5,659
218.869,2024/06/14 12:02:36.3749,3,621
218.9,2024/06/14 12:02:36.4059,5,659
219.147,2024/06/14 12:02:36.6529,5,659
219.394,2024/06/14 12:02:36.8999,5,659
219.607,2024/06/14 12:02:37.1129,3,619
219.64,2024/06/14 12:02:37.1459,5,659
219.885,2024/06/14 12:02:37.3909,5,666
220.1,2024/06/14 12:02:37.6059,3,628
220.625,2024/06/14 12:02:38.1309,5,666
220.838,2024/06/14 12:02:38.3439,3,646
220.871,2024/06/14 12:02:38.3769,5,666
221.578,2024/06/14 12:02:39.0839,3,634
221.61,2024/06/14 12:02:39.1159,5,666
221.856,2024/06/14 12:02:39.3619,5,666
222.07,2024/06/14 12:02:39.5759,3,641
222.102,2024/06/14 12:02:39.6079,5,666
222.348,2024/06/14 12:02:39.8539,5,666
222.595,2024/06/14 12:02:40.1009,5,666
222.809,2024/06/14 12:02:40.3149,3,656
222.842,2024/06/14 12:02:40.3479,5,659
223.087,2024/06/14 12:02:40.5929,5,659
223.333,2024/06/14 12:02:40.8389,5,659
223.547,2024/06/14 12:02:41.0529,3,677
223.58,2024/06/14 12:02:41.0859,5,659
223.826,2024/06/14 12:02:41.3319,5,651
224.04,2024/06/14 12:02:41.5459,3,688
224.073,2024/06/14 12:02:41.5789,5,651
224.319,2024/06/14 12:02:41.8249,5,651
224.565,2024/06/14 12:02:42.0709,5,651
224.779,2024/06/14 12:02:42.2849,3,650
224.812,2024/06/14 12:02:42.3179,5,651
225.057,2024/06/14 12:02:42.5629,5,651
225.304,2024/06/14 12:02:42.8099,5,651
225.517,2024/06/14 12:02:43.0229,3,639
225.55,2024/06/14 12:02:43.0559,5,651
225.796,2024/06/14 12:02:43.3019,5,645
226.01,2024/06/14 12:02:43.5159,3,656
226.042,2024/06/14 12:02:43.5479,5,645
226.289,2024/06/14 12:02:43.7949,5,645
226.535,2024/06/14 12:02:44.0409,5,645
226.749,2024/06/14 12:02:44.2549,3,643
226.781,2024/06/14 12:02:44.2869,5,645
227.028,2024/06/14 12:02:44.5339,5,645
227.242,2024/06/14 12:02:44.7479,3,638
227.766,2024/06/14 12:02:45.2719,5,645
227.98,2024/06/14 12:02:45.4859,3,630
228.013,2024/06/14 12:02:45.5189,5,645
228.259,2024/06/14 12:02:45.7649,5,645
228.506,2024/06/14 12:02:46.0119,5,645
228.752,2024/06/14 12:02:46.2579,5,645
228.966,2024/06/14 12:02:46.4719,3,623
228.998,2024/06/14 12:02:46.5039,5,645
229.211,2024/06/14 12:02:46.7169,3,602
229.244,2024/06/14 12:02:46.7499,5,645
229.491,2024/06/14 12:02:46.9969,5,645
229.704,2024/06/14 12:02:47.2099,3,619
229.737,2024/06/14 12:02:47.2429,5,651
229.983,2024/06/14 12:02:47.4889,5,651
230.229,2024/06/14 12:02:47.7349,5,651
230.443,2024/06/14 12:02:47.9489,3,611
230.935,2024/06/14 12:02:48.4409,3,622
230.968,2024/06/14 12:02:48.4739,5,651
231.215,2024/06/14 12:02:48.7209,5,651
231.46,2024/06/14 12:02:48.9659,5,651
231.675,2024/06/14 12:02:49.1809,3,643
231.707,2024/06/14 12:02:49.2129,5,651
231.953,2024/06/14 12:02:49.4589,5,651
232.166,2024/06/14 12:02:49.6719,3,645
232.199,2024/06/14 12:02:49.7049,5,651
232.446,2024/06/14 12:02:49.9519,5,651
232.692,2024/06/14 12:02:50.1979,5,651
232.938,2024/06/14 12:02:50.4439,5,651
233.152,2024/06/14 12:02:50.6579,3,622
233.185,2024/06/14 12:02:50.6909,5,651
233.431,2024/06/14 12:02:50.9369,5,650
233.645,2024/06/14 12:02:51.1509,3,642
233.678,2024/06/14 12:02:51.1839,5,651
233.923,2024/06/14 12:02:51.4289,5,645
234.136,2024/06/14 12:02:51.6419,3,645
234.169,2024/06/14 12:02:51.6749,5,645
234.416,2024/06/14 12:02:51.9219,5,645
234.662,2024/06/14 12:02:52.1679,5,645
234.876,2024/06/14 12:02:52.3819,3,650
234.908,2024/06/14 12:02:52.4139,5,645
235.155,2024/06/14 12:02:52.6609,5,645
235.401,2024/06/14 12:02:52.9069,5,645
235.615,2024/06/14 12:02:53.1209,3,630
235.648,2024/06/14 12:02:53.1539,5,645
235.894,2024/06/14 12:02:53.3999,5,638
236.108,2024/06/14 12:02:53.6139,3,646
236.14,2024/06/14 12:02:53.6459,5,638
236.846,2024/06/14 12:02:54.3519,3,647
237.125,2024/06/14 12:02:54.6309,5,638
237.339,2024/06/14 12:02:54.8449,3,649
237.372,2024/06/14 12:02:54.8779,5,638
237.618,2024/06/14 12:02:55.1239,5,638
237.864,2024/06/14 12:02:55.3699,5,638
238.11,2024/06/14 12:02:55.6159,5,638
238.356,2024/06/14 12:02:55.8619,5,638
238.57,2024/06/14 12:02:56.0759,3,657
238.602,2024/06/14 12:02:56.1079,5,638
238.816,2024/06/14 12:02:56.3219,3,644
238.849,2024/06/14 12:02:56.3549,5,638
239.096,2024/06/14 12:02:56.6019,5,638
239.309,2024/06/14 12:02:56.8149,3,650
239.342,2024/06/14 12:02:56.8479,5,638
239.587,2024/06/14 12:02:57.0929,5,638
240.048,2024/06/14 12:02:57.5539,3,660
240.327,2024/06/14 12:02:57.8329,5,638
240.573,2024/06/14 12:02:58.0789,5,638
240.787,2024/06/14 12:02:58.2929,3,667
240.819,2024/06/14 12:02:58.3249,5,638
241.065,2024/06/14 12:02:58.5709,5,638
241.312,2024/06/14 12:02:58.8179,5,638
241.525,2024/06/14 12:02:59.0309,3,644
241.559,2024/06/14 12:02:59.0649,5,638
241.804,2024/06/14 12:02:59.3099,5,645
242.05,2024/06/14 12:02:59.5559,5,645
242.264,2024/06/14 12:02:59.7699,3,651
242.297,2024/06/14 12:02:59.8029,5,645
242.543,2024/06/14 12:03:00.0489,5,645
242.757,2024/06/14 12:03:00.2629,3,664
243.282,2024/06/14 12:03:00.7879,5,645
243.495,2024/06/14 12:03:01.0009,3,677
243.528,2024/06/14 12:03:01.0339,5,645
243.775,2024/06/14 12:03:01.2809,5,651
243.988,2024/06/14 12:03:01.4939,3,689
244.021,2024/06/14 12:03:01.5269,5,651
244.267,2024/06/14 12:03:01.7729,5,651
244.726,2024/06/14 12:03:02.2319,3,673
245.006,2024/06/14 12:03:02.5119,5,651
245.252,2024/06/14 12:03:02.7579,5,651
245.466,2024/06/14 12:03:02.9719,3,656
245.499,2024/06/14 12:03:03.0049,5,651
245.959,2024/06/14 12:03:03.4649,3,659
246.238,2024/06/14 12:03:03.7439,5,651
246.483,2024/06/14 12:03:03.9889,5,651
246.697,2024/06/14 12:03:04.2029,3,649
247.189,2024/06/14 12:03:04.6949,3,627
247.222,2024/06/14 12:03:04.7279,5,659
247.468,2024/06/14 12:03:04.9739,5,659
247.715,2024/06/14 12:03:05.2209,5,659
247.928,2024/06/14 12:03:05.4339,3,619
247.961,2024/06/14 12:03:05.4669,5,659
248.207,2024/06/14 12:03:05.7129,5,659
248.454,2024/06/14 12:03:05.9599,5,659
248.667,2024/06/14 12:03:06.1729,3,627
248.7,2024/06/14 12:03:06.2059,5,659
248.947,2024/06/14 12:03:06.4529,5,659
249.159,2024/06/14 12:03:06.6649,3,627
249.193,2024/06/14 12:03:06.6989,5,659
249.439,2024/06/14 12:03:06.9449,5,659
249.685,2024/06/14 12:03:07.1909,5,659
249.898,2024/06/14 12:03:07.4039,3,639
249.931,2024/06/14 12:03:07.4369,5,659
250.178,2024/06/14 12:03:07.6839,5,659
250.391,2024/06/14 12:03:07.8969,3,650
250.424,2024/06/14 12:03:07.9299,5,659
250.67,2024/06/14 12:03:08.1759,5,659
250.917,2024/06/14 12:03:08.4229,5,659
251.163,2024/06/14 12:03:08.6689,5,659
251.376,2024/06/14 12:03:08.8819,3,640
251.409,2024/06/14 12:03:08.9149,5,659
251.623,2024/06/14 12:03:09.1289,3,622
251.656,2024/06/14 12:03:09.1619,5,659
251.902,2024/06/14 12:03:09.4079,5,659
252.148,2024/06/14 12:03:09.6539,5,659
252.361,2024/06/14 12:03:09.8669,3,631
252.394,2024/06/14 12:03:09.8999,5,659
252.64,2024/06/14 12:03:10.1459,5,659
252.887,2024/06/14 12:03:10.3929,5,659
253.1,2024/06/14 12:03:10.6059,3,631
253.133,2024/06/14 12:03:10.6389,5,659
253.379,2024/06/14 12:03:10.8849,5,659
253.593,2024/06/14 12:03:11.0989,3,638
253.626,2024/06/14 12:03:11.1319,5,659
253.872,2024/06/14 12:03:11.3779,5,651
254.118,2024/06/14 12:03:11.6239,5,651
254.332,2024/06/14 12:03:11.8379,3,639
254.365,2024/06/14 12:03:11.8709,5,651
254.611,2024/06/14 12:03:12.1169,5,651
254.824,2024/06/14 12:03:12.3299,3,622
254.856,2024/06/14 12:03:12.3619,5,651
255.103,2024/06/14 12:03:12.6089,5,651
255.349,2024/06/14 12:03:12.8549,5,651
255.563,2024/06/14 12:03:13.0689,3,635
255.596,2024/06/14 12:03:13.1019,5,651
256.302,2024/06/14 12:03:13.8079,3,639
256.335,2024/06/14 12:03:13.8409,5,645
256.581,2024/06/14 12:03:14.0869,5,645
256.794,2024/06/14 12:03:14.2999,3,647
256.827,2024/06/14 12:03:14.3329,5,645
257.074,2024/06/14 12:03:14.5799,5,645
257.32,2024/06/14 12:03:14.8259,5,645
257.533,2024/06/14 12:03:15.0389,3,652
257.566,2024/06/14 12:03:15.0719,5,645
258.025,2024/06/14 12:03:15.5309,3,647
258.305,2024/06/14 12:03:15.8109,5,645
258.551,2024/06/14 12:03:16.0569,5,645
258.764,2024/06/14 12:03:16.2699,3,630
258.797,2024/06/14 12:03:16.3029,5,638
259.044,2024/06/14 12:03:16.5499,5,638
259.29,2024/06/14 12:03:16.7959,5,638
259.503,2024/06/14 12:03:17.0089,3,629
259.536,2024/06/14 12:03:17.0419,5,638
259.783,2024/06/14 12:03:17.2889,5,638
259.995,2024/06/14 12:03:17.5009,3,645
260.029,2024/06/14 12:03:17.5349,5,638
260.734,2024/06/14 12:03:18.2399,3,651
260.767,2024/06/14 12:03:18.2729,5,638
261.014,2024/06/14 12:03:18.5199,5,638
261.26,2024/06/14 12:03:18.7659,5,638
261.473,2024/06/14 12:03:18.9789,3,656
261.506,2024/06/14 12:03:19.0119,5,638
261.965,2024/06/14 12:03:19.4709,3,654
262.246,2024/06/14 12:03:19.7519,5,638
262.492,2024/06/14 12:03:19.9979,5,638
262.737,2024/06/14 12:03:20.2429,5,645
262.951,2024/06/14 12:03:20.4569,3,643
262.984,2024/06/14 12:03:20.4899,5,645
263.23,2024/06/14 12:03:20.7359,5,645
263.444,2024/06/14 12:03:20.9499,3,655
263.477,2024/06/14 12:03:20.9829,5,645
263.723,2024/06/14 12:03:21.2289,5,645
263.935,2024/06/14 12:03:21.4409,3,661
263.969,2024/06/14 12:03:21.4749,5,645
264.215,2024/06/14 12:03:21.7209,5,645
264.461,2024/06/14 12:03:21.9669,5,645
264.675,2024/06/14 12:03:22.1809,3,666
264.708,2024/06/14 12:03:22.2139,5,645
264.954,2024/06/14 12:03:22.4599,5,645
265.168,2024/06/14 12:03:22.6739,3,646
265.2,2024/06/14 12:03:22.7059,5,645
265.447,2024/06/14 12:03:22.9529,5,645
265.693,2024/06/14 12:03:23.1989,5,645
265.906,2024/06/14 12:03:23.4119,3,633
265.94,2024/06/14 12:03:23.4459,5,645
266.645,2024/06/14 12:03:24.1509,3,656
266.678,2024/06/14 12:03:24.1839,5,645
266.924,2024/06/14 12:03:24.4299,5,645
267.138,2024/06/14 12:03:24.6439,3,659
267.171,2024/06/14 12:03:24.6769,5,645
267.417,2024/06/14 12:03:24.9229,5,645
267.663,2024/06/14 12:03:25.1689,5,645
267.877,2024/06/14 12:03:25.3829,3,655
267.91,2024/06/14 12:03:25.4159,5,651
268.156,2024/06/14 12:03:25.6619,5,651
268.402,2024/06/14 12:03:25.9079,5,651
268.615,2024/06/14 12:03:26.1209,3,646
268.648,2024/06/14 12:03:26.1539,5,651
268.895,2024/06/14 12:03:26.4009,5,651
269.108,2024/06/14 12:03:26.6139,3,631
269.141,2024/06/14 12:03:26.6469,5,651
269.387,2024/06/14 12:03:26.8929,5,651
269.634,2024/06/14 12:03:27.1399,5,651
269.846,2024/06/14 12:03:27.3519,3,643
269.88,2024/06/14 12:03:27.3859,5,651
270.126,2024/06/14 12:03:27.6319,5,651
270.339,2024/06/14 12:03:27.8449,3,639
270.373,2024/06/14 12:03:27.8789,5,651
270.618,2024/06/14 12:03:28.1239,5,651
271.324,2024/06/14 12:03:28.8299,3,648
271.357,2024/06/14 12:03:28.8629,5,651
271.571,2024/06/14 12:03:29.0769,3,652
271.603,2024/06/14 12:03:29.1089,5,651
272.309,2024/06/14 12:03:29.8149,3,643
272.342,2024/06/14 12:03:29.8479,5,651
272.589,2024/06/14 12:03:30.0949,5,651
272.835,2024/06/14 12:03:30.3409,5,651
273.048,2024/06/14 12:03:30.5539,3,626
273.082,2024/06/14 12:03:30.5879,5,651
273.328,2024/06/14 12:03:30.8339,5,651
273.54,2024/06/14 12:03:31.0459,3,633
273.574,2024/06/14 12:03:31.0799,5,651
273.82,2024/06/14 12:03:31.3259,5,651
274.066,2024/06/14 12:03:31.5719,5,651
274.279,2024/06/14 12:03:31.7849,3,633
275.265,2024/06/14 12:03:32.7709,3,632
275.511,2024/06/14 12:03:33.0169,3,646
275.79,2024/06/14 12:03:33.2959,5,651
276.037,2024/06/14 12:03:33.5429,5,651
276.249,2024/06/14 12:03:33.7549,3,644
276.283,2024/06/14 12:03:33.7889,5,651
276.742,2024/06/14 12:03:34.2479,3,641
277.022,2024/06/14 12:03:34.5279,5,645
277.268,2024/06/14 12:03:34.7739,5,645
277.481,2024/06/14 12:03:34.9869,3,631
277.514,2024/06/14 12:03:35.0199,5,645
278.22,2024/06/14 12:03:35.7259,3,644
278.253,2024/06/14 12:03:35.7589,5,645
278.499,2024/06/14 12:03:36.0049,5,645
278.712,2024/06/14 12:03:36.2179,3,659
278.745,2024/06/14 12:03:36.2509,5,645
278.992,2024/06/14 12:03:36.4979,5,645
279.238,2024/06/14 12:03:36.7439,5,645
279.451,2024/06/14 12:03:36.9569,3,674
279.485,2024/06/14 12:03:36.9909,5,645
279.731,2024/06/14 12:03:37.2369,5,645
279.977,2024/06/14 12:03:37.4829,5,645
280.19,2024/06/14 12:03:37.6959,3,675
280.223,2024/06/14 12:03:37.7289,5,645
280.47,2024/06/14 12:03:37.9759,5,645
280.683,2024/06/14 12:03:38.1889,3,652
280.716,2024/06/14 12:03:38.2219,5,645
280.962,2024/06/14 12:03:38.4679,5,645
281.208,2024/06/14 12:03:38.7139,5,645
281.421,2024/06/14 12:03:38.9269,3,630
281.455,2024/06/14 12:03:38.9609,5,645
281.701,2024/06/14 12:03:39.2069,5,645
281.914,2024/06/14 12:03:39.4199,3,620
281.948,2024/06/14 12:03:39.4539,5,645
282.194,2024/06/14 12:03:39.6999,5,644
282.44,2024/06/14 12:03:39.9459,5,645
282.653,2024/06/14 12:03:40.1589,3,616
283.392,2024/06/14 12:03:40.8979,3,630
283.425,2024/06/14 12:03:40.9309,5,645
283.671,2024/06/14 12:03:41.1769,5,645
283.884,2024/06/14 12:03:41.3899,3,676
283.917,2024/06/14 12:03:41.4229,5,645
284.163,2024/06/14 12:03:41.6689,5,645
284.41,2024/06/14 12:03:41.9159,5,645
284.623,2024/06/14 12:03:42.1289,3,687
284.656,2024/06/14 12:03:42.1619,5,645
284.903,2024/06/14 12:03:42.4089,5,645
285.149,2024/06/14 12:03:42.6549,5,645
285.361,2024/06/14 12:03:42.8669,3,677
285.395,2024/06/14 12:03:42.9009,5,645
286.101,2024/06/14 12:03:43.6069,3,661
286.134,2024/06/14 12:03:43.6399,5,651
286.38,2024/06/14 12:03:43.8859,5,651
286.593,2024/06/14 12:03:44.0989,3,670
286.626,2024/06/14 12:03:44.1319,5,651
286.873,2024/06/14 12:03:44.3789,5,651
287.578,2024/06/14 12:03:45.0839,3,670
287.611,2024/06/14 12:03:45.1169,5,651
288.071,2024/06/14 12:03:45.5769,3,666
288.35,2024/06/14 12:03:45.8559,5,651
288.563,2024/06/14 12:03:46.0689,3,656
288.597,2024/06/14 12:03:46.1029,5,651
288.843,2024/06/14 12:03:46.3489,5,651
289.089,2024/06/14 12:03:46.5949,5,651
289.302,2024/06/14 12:03:46.8079,3,639
289.335,2024/06/14 12:03:46.8409,5,651
289.582,2024/06/14 12:03:47.0879,5,651
289.795,2024/06/14 12:03:47.3009,3,621
289.828,2024/06/14 12:03:47.3339,5,651
290.074,2024/06/14 12:03:47.5799,5,651
290.321,2024/06/14 12:03:47.8269,5,651
290.533,2024/06/14 12:03:48.0389,3,625
290.567,2024/06/14 12:03:48.0729,5,651
291.026,2024/06/14 12:03:48.5319,3,624
291.305,2024/06/14 12:03:48.8109,5,651
291.552,2024/06/14 12:03:49.0579,5,651
291.765,2024/06/14 12:03:49.2709,3,626
291.798,2024/06/14 12:03:49.3039,5,659
292.044,2024/06/14 12:03:49.5499,5,659
292.257,2024/06/14 12:03:49.7629,3,627
292.291,2024/06/14 12:03:49.7969,5,659
292.537,2024/06/14 12:03:50.0429,5,659
292.784,2024/06/14 12:03:50.2899,5,659
292.996,2024/06/14 12:03:50.5019,3,628
293.03,2024/06/14 12:03:50.5359,5,659
293.276,2024/06/14 12:03:50.7819,5,659
293.489,2024/06/14 12:03:50.9949,3,614
293.522,2024/06/14 12:03:51.0279,5,659
293.769,2024/06/14 12:03:51.2749,5,659
294.015,2024/06/14 12:03:51.5209,5,659
294.228,2024/06/14 12:03:51.7339,3,615
294.262,2024/06/14 12:03:51.7679,5,659
294.507,2024/06/14 12:03:52.0129,5,659
294.72,2024/06/14 12:03:52.2259,3,618
294.753,2024/06/14 12:03:52.2589,5,659
295.0,2024/06/14 12:03:52.5059,5,659
295.246,2024/06/14 12:03:52.7519,5,659
295.459,2024/06/14 12:03:52.9649,3,613
295.493,2024/06/14 12:03:52.9989,5,659
295.952,2024/06/14 12:03:53.4579,3,602
296.477,2024/06/14 12:03:53.9829,5,651
296.69,2024/06/14 12:03:54.1959,3,594
296.724,2024/06/14 12:03:54.2299,5,651
296.97,2024/06/14 12:03:54.4759,5,651
297.182,2024/06/14 12:03:54.6879,3,601
297.216,2024/06/14 12:03:54.7219,5,651
297.463,2024/06/14 12:03:54.9689,5,651
297.708,2024/06/14 12:03:55.2139,5,651
297.922,2024/06/14 12:03:55.4279,3,621
297.955,2024/06/14 12:03:55.4609,5,645
298.201,2024/06/14 12:03:55.7069,5,645
298.447,2024/06/14 12:03:55.9529,5,645
298.66,2024/06/14 12:03:56.1659,3,650
298.694,2024/06/14 12:03:56.1999,5,645
298.94,2024/06/14 12:03:56.4459,5,638
299.153,2024/06/14 12:03:56.6589,3,648
299.187,2024/06/14 12:03:56.6929,5,638
299.432,2024/06/14 12:03:56.9379,5,638
299.679,2024/06/14 12:03:57.1849,5,638
299.892,2024/06/14 12:03:57.3979,3,642
299.925,2024/06/14 12:03:57.4309,5,631
300.63,2024/06/14 12:03:58.1359,3,652
300.664,2024/06/14 12:03:58.1699,5,631
300.91,2024/06/14 12:03:58.4159,5,618
301.123,2024/06/14 12:03:58.6289,3,666
301.157,2024/06/14 12:03:58.6629,5,618
301.403,2024/06/14 12:03:58.9089,5,618
301.649,2024/06/14 12:03:59.1549,5,618
301.862,2024/06/14 12:03:59.3679,3,678
301.896,2024/06/14 12:03:59.4019,5,618
302.142,2024/06/14 12:03:59.6479,5,618
302.388,2024/06/14 12:03:59.8939,5,618
302.6,2024/06/14 12:04:00.1059,3,677
302.634,2024/06/14 12:04:00.1399,5,618
302.88,2024/06/14 12:04:00.3859,5,618
303.093,2024/06/14 12:04:00.5989,3,651
303.62,2024/06/14 12:04:01.1259,5,618
303.832,2024/06/14 12:04:01.3379,3,667
303.866,2024/06/14 12:04:01.3719,5,618
304.112,2024/06/14 12:04:01.6179,5,618
304.358,2024/06/14 12:04:01.8639,5,618
304.604,2024/06/14 12:04:02.1099,5,618
304.817,2024/06/14 12:04:02.3229,3,668
304.851,2024/06/14 12:04:02.3569,5,625
305.31,2024/06/14 12:04:02.8159,3,683
305.59,2024/06/14 12:04:03.0959,5,625
305.802,2024/06/14 12:04:03.3079,3,686
305.836,2024/06/14 12:04:03.3419,5,631
306.083,2024/06/14 12:04:03.5889,5,631
306.541,2024/06/14 12:04:04.0469,3,655
306.821,2024/06/14 12:04:04.3269,5,644
307.067,2024/06/14 12:04:04.5729,5,645
307.28,2024/06/14 12:04:04.7859,3,661
307.313,2024/06/14 12:04:04.8189,5,645
307.56,2024/06/14 12:04:05.0659,5,645
307.806,2024/06/14 12:04:05.3119,5,651
308.019,2024/06/14 12:04:05.5249,3,667
308.052,2024/06/14 12:04:05.5579,5,651
308.299,2024/06/14 12:04:05.8049,5,651
308.512,2024/06/14 12:04:06.0179,3,675
308.544,2024/06/14 12:04:06.0499,5,651
308.791,2024/06/14 12:04:06.2969,5,651
309.037,2024/06/14 12:04:06.5429,5,651
309.25,2024/06/14 12:04:06.7559,3,677
309.283,2024/06/14 12:04:06.7889,5,651
309.53,2024/06/14 12:04:07.0359,5,651
309.742,2024/06/14 12:04:07.2479,3,642
309.776,2024/06/14 12:04:07.2819,5,659
310.023,2024/06/14 12:04:07.5289,5,659
310.269,2024/06/14 12:04:07.7749,5,659
310.481,2024/06/14 12:04:07.9869,3,643
310.515,2024/06/14 12:04:08.0209,5,659
310.762,2024/06/14 12:04:08.2679,5,666
311.007,2024/06/14 12:04:08.5129,5,666
311.221,2024/06/14 12:04:08.7269,3,665
311.254,2024/06/14 12:04:08.7599,5,666
311.5,2024/06/14 12:04:09.0059,5,666
311.712,2024/06/14 12:04:09.2179,3,675
311.746,2024/06/14 12:04:09.2519,5,666
311.993,2024/06/14 12:04:09.4989,5,666
312.239,2024/06/14 12:04:09.7449,5,666
312.452,2024/06/14 12:04:09.9579,3,676
312.486,2024/06/14 12:04:09.9919,5,666
312.732,2024/06/14 12:04:10.2379,5,666
312.977,2024/06/14 12:04:10.4829,5,666
313.191,2024/06/14 12:04:10.6969,3,652
313.224,2024/06/14 12:04:10.7299,5,666
313.47,2024/06/14 12:04:10.9759,5,666
313.716,2024/06/14 12:04:11.2219,5,666
313.929,2024/06/14 12:04:11.4349,3,643
313.963,2024/06/14 12:04:11.4689,5,666
314.209,2024/06/14 12:04:11.7149,5,666
314.422,2024/06/14 12:04:11.9279,3,662
314.456,2024/06/14 12:04:11.9619,5,666
314.702,2024/06/14 12:04:12.2079,5,666
314.948,2024/06/14 12:04:12.4539,5,666
315.161,2024/06/14 12:04:12.6669,3,660
315.194,2024/06/14 12:04:12.6999,5,666
315.899,2024/06/14 12:04:13.4049,3,671
315.933,2024/06/14 12:04:13.4389,5,666
316.392,2024/06/14 12:04:13.8979,3,648
316.672,2024/06/14 12:04:14.1779,5,666
316.918,2024/06/14 12:04:14.4239,5,666
317.131,2024/06/14 12:04:14.6369,3,642
317.165,2024/06/14 12:04:14.6709,5,666
317.411,2024/06/14 12:04:14.9169,5,666
317.657,2024/06/14 12:04:15.1629,5,666
317.87,2024/06/14 12:04:15.3759,3,666
317.904,2024/06/14 12:04:15.4099,5,666
318.149,2024/06/14 12:04:15.6549,5,666
318.363,2024/06/14 12:04:15.8689,3,659
318.395,2024/06/14 12:04:15.9009,5,666
318.642,2024/06/14 12:04:16.1479,5,666
318.889,2024/06/14 12:04:16.3949,5,666
319.101,2024/06/14 12:04:16.6069,3,659
319.594,2024/06/14 12:04:17.0999,3,646
319.628,2024/06/14 12:04:17.1339,5,666
319.873,2024/06/14 12:04:17.3789,5,659
320.119,2024/06/14 12:04:17.6249,5,659
320.332,2024/06/14 12:04:17.8379,3,647
320.366,2024/06/14 12:04:17.8719,5,659
320.612,2024/06/14 12:04:18.1179,5,659
320.858,2024/06/14 12:04:18.3639,5,659
321.071,2024/06/14 12:04:18.5769,3,663
321.105,2024/06/14 12:04:18.6109,5,659
321.351,2024/06/14 12:04:18.8569,5,659
321.598,2024/06/14 12:04:19.1039,5,659
321.809,2024/06/14 12:04:19.3149,3,668
321.843,2024/06/14 12:04:19.3489,5,659
322.09,2024/06/14 12:04:19.5959,5,659
322.303,2024/06/14 12:04:19.8089,3,671
322.337,2024/06/14 12:04:19.8429,5,659
322.583,2024/06/14 12:04:20.0889,5,659
322.828,2024/06/14 12:04:20.3339,5,659
323.041,2024/06/14 12:04:20.5469,3,650
323.075,2024/06/14 12:04:20.5809,5,659
323.322,2024/06/14 12:04:20.8279,5,659
323.568,2024/06/14 12:04:21.0739,5,659
323.78,2024/06/14 12:04:21.2859,3,646
323.814,2024/06/14 12:04:21.3199,5,659
324.061,2024/06/14 12:04:21.5669,5,659
324.307,2024/06/14 12:04:21.8129,5,659
324.519,2024/06/14 12:04:22.0249,3,671
325.012,2024/06/14 12:04:22.5179,3,686
325.045,2024/06/14 12:04:22.5509,5,659
325.291,2024/06/14 12:04:22.7969,5,659
325.538,2024/06/14 12:04:23.0439,5,659
325.75,2024/06/14 12:04:23.2559,3,670
325.784,2024/06/14 12:04:23.2899,5,659
326.031,2024/06/14 12:04:23.5369,5,659
326.243,2024/06/14 12:04:23.7489,3,636
326.277,2024/06/14 12:04:23.7829,5,659
326.522,2024/06/14 12:04:24.0279,5,659
326.981,2024/06/14 12:04:24.4869,3,639
327.262,2024/06/14 12:04:24.7679,5,659
327.474,2024/06/14 12:04:24.9799,3,641
327.508,2024/06/14 12:04:25.0139,5,659
328.213,2024/06/14 12:04:25.7189,3,646
328.247,2024/06/14 12:04:25.7529,5,659
328.952,2024/06/14 12:04:26.4579,3,649
328.986,2024/06/14 12:04:26.4919,5,659
329.232,2024/06/14 12:04:26.7379,5,659
329.444,2024/06/14 12:04:26.9499,3,630
329.479,2024/06/14 12:04:26.9849,5,659
329.724,2024/06/14 12:04:27.2299,5,659
329.97,2024/06/14 12:04:27.4759,5,659
330.183,2024/06/14 12:04:27.6889,3,634
330.217,2024/06/14 12:04:27.7229,5,659
330.463,2024/06/14 12:04:27.9689,5,658
330.71,2024/06/14 12:04:28.2159,5,659
330.922,2024/06/14 12:04:28.4279,3,648
330.956,2024/06/14 12:04:28.4619,5,659
331.202,2024/06/14 12:04:28.7079,5,659
331.66,2024/06/14 12:04:29.1659,3,659
331.941,2024/06/14 12:04:29.4469,5,659
332.154,2024/06/14 12:04:29.6599,3,665
332.645,2024/06/14 12:04:30.1509,3,639
332.68,2024/06/14 12:04:30.1859,5,659
332.926,2024/06/14 12:04:30.4319,5,659
333.172,2024/06/14 12:04:30.6779,5,659
333.385,2024/06/14 12:04:30.8909,3,642
333.419,2024/06/14 12:04:30.9249,5,659
333.665,2024/06/14 12:04:31.1709,5,659
333.911,2024/06/14 12:04:31.4169,5,659
334.157,2024/06/14 12:04:31.6629,5,659
334.37,2024/06/14 12:04:31.8759,3,655
334.404,2024/06/14 12:04:31.9099,5,659
334.616,2024/06/14 12:04:32.1219,3,659
334.65,2024/06/14 12:04:32.1559,5,659
335.355,2024/06/14 12:04:32.8609,3,668
335.635,2024/06/14 12:04:33.1409,5,651
335.882,2024/06/14 12:04:33.3879,5,651
336.128,2024/06/14 12:04:33.6339,5,651
336.34,2024/06/14 12:04:33.8459,3,646
336.374,2024/06/14 12:04:33.8799,5,651
336.586,2024/06/14 12:04:34.0919,3,634
336.62,2024/06/14 12:04:34.1259,5,651
336.866,2024/06/14 12:04:34.3719,5,651
337.113,2024/06/14 12:04:34.6189,5,651
337.325,2024/06/14 12:04:34.8309,3,647
337.359,2024/06/14 12:04:34.8649,5,651
337.605,2024/06/14 12:04:35.1109,5,651
337.818,2024/06/14 12:04:35.3239,3,646
337.852,2024/06/14 12:04:35.3579,5,651
338.098,2024/06/14 12:04:35.6039,5,651
338.344,2024/06/14 12:04:35.8499,5,651
338.557,2024/06/14 12:04:36.0629,3,644
338.591,2024/06/14 12:04:36.0969,5,651
338.837,2024/06/14 12:04:36.3429,5,651
339.083,2024/06/14 12:04:36.5889,5,651
339.295,2024/06/14 12:04:36.8009,3,628
339.329,2024/06/14 12:04:36.8349,5,651
339.575,2024/06/14 12:04:37.0809,5,651
339.788,2024/06/14 12:04:37.2939,3,620
339.822,2024/06/14 12:04:37.3279,5,651
340.068,2024/06/14 12:04:37.5739,5,651
340.315,2024/06/14 12:04:37.8209,5,651
340.529,2024/06/14 12:04:38.0349,3,643
340.561,2024/06/14 12:04:38.0669,5,651
341.019,2024/06/14 12:04:38.5249,3,652
341.299,2024/06/14 12:04:38.8049,5,651
341.546,2024/06/14 12:04:39.0519,5,651
341.792,2024/06/14 12:04:39.2979,5,651
342.004,2024/06/14 12:04:39.5099,3,663
342.039,2024/06/14 12:04:39.5449,5,651
342.284,2024/06/14 12:04:39.7899,5,651
342.497,2024/06/14 12:04:40.0029,3,646
342.531,2024/06/14 12:04:40.0369,5,651
342.777,2024/06/14 12:04:40.2829,5,651
342.989,2024/06/14 12:04:40.4949,3,632
343.024,2024/06/14 12:04:40.5299,5,651
343.27,2024/06/14 12:04:40.7759,5,651
343.516,2024/06/14 12:04:41.0219,5,651
343.728,2024/06/14 12:04:41.2339,3,644
344.255,2024/06/14 12:04:41.7609,5,651
344.467,2024/06/14 12:04:41.9729,3,650
344.501,2024/06/14 12:04:42.0069,5,651
344.747,2024/06/14 12:04:42.2529,5,651
344.959,2024/06/14 12:04:42.4649,3,663
344.993,2024/06/14 12:04:42.4989,5,651
345.24,2024/06/14 12:04:42.7459,5,651
345.487,2024/06/14 12:04:42.9929,5,651
345.698,2024/06/14 12:04:43.2039,3,669
345.733,2024/06/14 12:04:43.2389,5,651
345.978,2024/06/14 12:04:43.4839,5,651
346.225,2024/06/14 12:04:43.7309,5,651
346.471,2024/06/14 12:04:43.9769,5,651
346.684,2024/06/14 12:04:44.1899,3,640
346.717,2024/06/14 12:04:44.2229,5,651
346.93,2024/06/14 12:04:44.4359,3,636
346.964,2024/06/14 12:04:44.4699,5,645
347.213,2024/06/14 12:04:44.7189,5,645
347.456,2024/06/14 12:04:44.9619,5,645
347.668,2024/06/14 12:04:45.1739,3,653
347.702,2024/06/14 12:04:45.2079,5,645
347.949,2024/06/14 12:04:45.4549,5,645
348.408,2024/06/14 12:04:45.9139,3,660
348.688,2024/06/14 12:04:46.1939,5,645
348.9,2024/06/14 12:04:46.4059,3,671
348.935,2024/06/14 12:04:46.4409,5,645
349.18,2024/06/14 12:04:46.6859,5,645
349.427,2024/06/14 12:04:46.9329,5,645
349.639,2024/06/14 12:04:47.1449,3,641
349.673,2024/06/14 12:04:47.1789,5,645
349.919,2024/06/14 12:04:47.4249,5,651
350.166,2024/06/14 12:04:47.6719,5,651
350.377,2024/06/14 12:04:47.8829,3,637
350.412,2024/06/14 12:04:47.9179,5,651
350.658,2024/06/14 12:04:48.1639,5,651
350.87,2024/06/14 12:04:48.3759,3,663
350.904,2024/06/14 12:04:48.4099,5,651
351.151,2024/06/14 12:04:48.6569,5,651
351.396,2024/06/14 12:04:48.9019,5,651
351.609,2024/06/14 12:04:49.1149,3,680
351.643,2024/06/14 12:04:49.1489,5,651
351.889,2024/06/14 12:04:49.3949,5,651
352.136,2024/06/14 12:04:49.6419,5,651
352.347,2024/06/14 12:04:49.8529,3,676
352.382,2024/06/14 12:04:49.8879,5,651
352.628,2024/06/14 12:04:50.1339,5,651
352.84,2024/06/14 12:04:50.3459,3,647
352.875,2024/06/14 12:04:50.3809,5,651
353.121,2024/06/14 12:04:50.6269,5,651
353.367,2024/06/14 12:04:50.8729,5,651
353.579,2024/06/14 12:04:51.0849,3,623
353.613,2024/06/14 12:04:51.1189,5,651
354.071,2024/06/14 12:04:51.5769,3,622
354.353,2024/06/14 12:04:51.8589,5,651
354.598,2024/06/14 12:04:52.1039,5,651
354.81,2024/06/14 12:04:52.3159,3,633
354.844,2024/06/14 12:04:52.3499,5,650
355.091,2024/06/14 12:04:52.5969,5,651
355.337,2024/06/14 12:04:52.8429,5,651
355.55,2024/06/14 12:04:53.0559,3,641
355.584,2024/06/14 12:04:53.0899,5,651
355.83,2024/06/14 12:04:53.3359,5,659
356.041,2024/06/14 12:04:53.5469,3,653
356.076,2024/06/14 12:04:53.5819,5,659
356.322,2024/06/14 12:04:53.8279,5,659
356.568,2024/06/14 12:04:54.0739,5,659
356.815,2024/06/14 12:04:54.3209,5,659
357.027,2024/06/14 12:04:54.5329,3,669
357.061,2024/06/14 12:04:54.5669,5,659
357.307,2024/06/14 12:04:54.8129,5,659
357.52,2024/06/14 12:04:55.0259,3,644
357.553,2024/06/14 12:04:55.0589,5,659
357.8,2024/06/14 12:04:55.3059,5,659
358.012,2024/06/14 12:04:55.5179,3,644
358.046,2024/06/14 12:04:55.5519,5,659
358.293,2024/06/14 12:04:55.7989,5,659
358.539,2024/06/14 12:04:56.0449,5,659
358.75,2024/06/14 12:04:56.2559,3,666
358.785,2024/06/14 12:04:56.2909,5,659
359.032,2024/06/14 12:04:56.5379,5,659
359.278,2024/06/14 12:04:56.7839,5,659
359.489,2024/06/14 12:04:56.9949,3,667
359.523,2024/06/14 12:04:57.0289,5,659
359.77,2024/06/14 12:04:57.2759,5,659
359.982,2024/06/14 12:04:57.4879,3,682
360.016,2024/06/14 12:04:57.5219,5,659
360.263,2024/06/14 12:04:57.7689,5,659
360.509,2024/06/14 12:04:58.0149,5,659
360.721,2024/06/14 12:04:58.2269,3,662
360.755,2024/06/14 12:04:58.2609,5,651
361.002,2024/06/14 12:04:58.5079,5,651
361.248,2024/06/14 12:04:58.7539,5,651
361.459,2024/06/14 12:04:58.9649,3,643
361.494,2024/06/14 12:04:58.9999,5,651
361.741,2024/06/14 12:04:59.2469,5,651
361.952,2024/06/14 12:04:59.4579,3,650
361.987,2024/06/14 12:04:59.4929,5,651
362.232,2024/06/14 12:04:59.7379,5,651
362.479,2024/06/14 12:04:59.9849,5,651
362.691,2024/06/14 12:05:00.1969,3,648
362.725,2024/06/14 12:05:00.2309,5,651
362.971,2024/06/14 12:05:00.4769,5,651
363.184,2024/06/14 12:05:00.6899,3,637
363.711,2024/06/14 12:05:01.2169,5,651
363.922,2024/06/14 12:05:01.4279,3,621
363.956,2024/06/14 12:05:01.4619,5,651
364.203,2024/06/14 12:05:01.7089,5,651
364.45,2024/06/14 12:05:01.9559,5,651
364.661,2024/06/14 12:05:02.1669,3,650
365.189,2024/06/14 12:05:02.6949,5,651
365.4,2024/06/14 12:05:02.9059,3,660
365.434,2024/06/14 12:05:02.9399,5,651
365.68,2024/06/14 12:05:03.1859,5,651
365.893,2024/06/14 12:05:03.3989,3,671
365.927,2024/06/14 12:05:03.4329,5,659
366.173,2024/06/14 12:05:03.6789,5,659
366.419,2024/06/14 12:05:03.9249,5,659
366.631,2024/06/14 12:05:04.1369,3,664
366.666,2024/06/14 12:05:04.1719,5,659
366.912,2024/06/14 12:05:04.4179,5,659
367.124,2024/06/14 12:05:04.6299,3,639
367.158,2024/06/14 12:05:04.6639,5,659
367.404,2024/06/14 12:05:04.9099,5,659
367.651,2024/06/14 12:05:05.1569,5,659
367.863,2024/06/14 12:05:05.3689,3,652
367.897,2024/06/14 12:05:05.4029,5,659
368.144,2024/06/14 12:05:05.6499,5,659
368.389,2024/06/14 12:05:05.8949,5,659
368.636,2024/06/14 12:05:06.1419,5,659
368.848,2024/06/14 12:05:06.3539,3,658
368.882,2024/06/14 12:05:06.3879,5,659
369.094,2024/06/14 12:05:06.5999,3,649
369.621,2024/06/14 12:05:07.1269,5,659
369.832,2024/06/14 12:05:07.3379,3,662
369.867,2024/06/14 12:05:07.3729,5,659
370.114,2024/06/14 12:05:07.6199,5,659
370.325,2024/06/14 12:05:07.8309,3,645
370.36,2024/06/14 12:05:07.8659,5,659
370.606,2024/06/14 12:05:08.1119,5,659
370.853,2024/06/14 12:05:08.3589,5,659
371.064,2024/06/14 12:05:08.5699,3,629
371.099,2024/06/14 12:05:08.6049,5,659
371.345,2024/06/14 12:05:08.8509,5,659
371.592,2024/06/14 12:05:09.0979,5,659
371.803,2024/06/14 12:05:09.3089,3,649
371.837,2024/06/14 12:05:09.3429,5,659
372.084,2024/06/14 12:05:09.5899,5,659
372.33,2024/06/14 12:05:09.8359,5,659
372.542,2024/06/14 12:05:10.0479,3,656
372.577,2024/06/14 12:05:10.0829,5,659
372.822,2024/06/14 12:05:10.3279,5,651
373.035,2024/06/14 12:05:10.5409,3,670
373.069,2024/06/14 12:05:10.5749,5,651
373.315,2024/06/14 12:05:10.8209,5,651
373.562,2024/06/14 12:05:11.0679,5,651
373.773,2024/06/14 12:05:11.2789,3,677
374.266,2024/06/14 12:05:11.7719,3,643
374.301,2024/06/14 12:05:11.8069,5,651
374.546,2024/06/14 12:05:12.0519,5,651
374.793,2024/06/14 12:05:12.2989,5,651
375.005,2024/06/14 12:05:12.5109,3,639
375.744,2024/06/14 12:05:13.2499,3,653
376.024,2024/06/14 12:05:13.5299,5,651
376.236,2024/06/14 12:05:13.7419,3,651
376.974,2024/06/14 12:05:14.4799,3,649
377.009,2024/06/14 12:05:14.5149,5,659
377.255,2024/06/14 12:05:14.7609,5,659
377.468,2024/06/14 12:05:14.9739,3,627
377.501,2024/06/14 12:05:15.0069,5,659
377.748,2024/06/14 12:05:15.2539,5,659
377.994,2024/06/14 12:05:15.4999,5,659
378.206,2024/06/14 12:05:15.7119,3,622
378.241,2024/06/14 12:05:15.7469,5,659
378.98,2024/06/14 12:05:16.4859,5,659
379.191,2024/06/14 12:05:16.6969,3,629
379.225,2024/06/14 12:05:16.7309,5,659
379.438,2024/06/14 12:05:16.9439,3,633
379.472,2024/06/14 12:05:16.9779,5,659
379.718,2024/06/14 12:05:17.2239,5,659
379.964,2024/06/14 12:05:17.4699,5,659
380.176,2024/06/14 12:05:17.6819,3,624
380.211,2024/06/14 12:05:17.7169,5,659
380.457,2024/06/14 12:05:17.9629,5,659
380.669,2024/06/14 12:05:18.1749,3,635
380.704,2024/06/14 12:05:18.2099,5,659
380.95,2024/06/14 12:05:18.4559,5,659
381.196,2024/06/14 12:05:18.7019,5,659
381.408,2024/06/14 12:05:18.9139,3,658
381.442,2024/06/14 12:05:18.9479,5,659
381.688,2024/06/14 12:05:19.1939,5,659
382.146,2024/06/14 12:05:19.6519,3,665
382.639,2024/06/14 12:05:20.1449,3,670
382.674,2024/06/14 12:05:20.1799,5,651
382.92,2024/06/14 12:05:20.4259,5,651
383.167,2024/06/14 12:05:20.6729,5,651
383.377,2024/06/14 12:05:20.8829,3,666
383.412,2024/06/14 12:05:20.9179,5,651
383.659,2024/06/14 12:05:21.1649,5,651
383.905,2024/06/14 12:05:21.4109,5,651
384.116,2024/06/14 12:05:21.6219,3,645
384.609,2024/06/14 12:05:22.1149,3,636
384.644,2024/06/14 12:05:22.1499,5,651
384.891,2024/06/14 12:05:22.3969,5,645
385.137,2024/06/14 12:05:22.6429,5,645
385.348,2024/06/14 12:05:22.8539,3,644
386.087,2024/06/14 12:05:23.5929,3,651
386.368,2024/06/14 12:05:23.8739,5,645
386.579,2024/06/14 12:05:24.0849,3,654
386.614,2024/06/14 12:05:24.1199,5,645
386.86,2024/06/14 12:05:24.3659,5,645
387.107,2024/06/14 12:05:24.6129,5,645
387.318,2024/06/14 12:05:24.8239,3,652
387.353,2024/06/14 12:05:24.8589,5,645
387.599,2024/06/14 12:05:25.1049,5,645
387.846,2024/06/14 12:05:25.3519,5,645
388.057,2024/06/14 12:05:25.5629,3,642
388.092,2024/06/14 12:05:25.5979,5,645
388.338,2024/06/14 12:05:25.8439,5,645
388.55,2024/06/14 12:05:26.0559,3,631
388.584,2024/06/14 12:05:26.0899,5,645
389.289,2024/06/14 12:05:26.7949,3,649
389.324,2024/06/14 12:05:26.8299,5,651
389.57,2024/06/14 12:05:27.0759,5,651
389.781,2024/06/14 12:05:27.2869,3,651
389.815,2024/06/14 12:05:27.3209,5,651
390.062,2024/06/14 12:05:27.5679,5,651
390.308,2024/06/14 12:05:27.8139,5,651
390.52,2024/06/14 12:05:28.0259,3,653
390.554,2024/06/14 12:05:28.0599,5,651
390.801,2024/06/14 12:05:28.3069,5,651
391.013,2024/06/14 12:05:28.5189,3,632
391.048,2024/06/14 12:05:28.5539,5,651
391.293,2024/06/14 12:05:28.7989,5,651
391.539,2024/06/14 12:05:29.0449,5,651
391.751,2024/06/14 12:05:29.2569,3,639
391.786,2024/06/14 12:05:29.2919,5,651
392.032,2024/06/14 12:05:29.5379,5,651
392.279,2024/06/14 12:05:29.7849,5,651
392.49,2024/06/14 12:05:29.9959,3,653
392.525,2024/06/14 12:05:30.0309,5,651
392.771,2024/06/14 12:05:30.2769,5,651
393.018,2024/06/14 12:05:30.5239,5,651
393.229,2024/06/14 12:05:30.7349,3,657
393.721,2024/06/14 12:05:31.2269,3,666
393.756,2024/06/14 12:05:31.2619,5,651
394.002,2024/06/14 12:05:31.5079,5,651
394.248,2024/06/14 12:05:31.7539,5,651
394.46,2024/06/14 12:05:31.9659,3,644
394.953,2024/06/14 12:05:32.4589,3,628
394.988,2024/06/14 12:05:32.4939,5,651
395.233,2024/06/14 12:05:32.7389,5,651
395.48,2024/06/14 12:05:32.9859,5,651
395.692,2024/06/14 12:05:33.1979,3,619
396.184,2024/06/14 12:05:33.6899,3,631
396.219,2024/06/14 12:05:33.7249,5,651
396.466,2024/06/14 12:05:33.9719,5,651
396.711,2024/06/14 12:05:34.2169,5,651
396.922,2024/06/14 12:05:34.4279,3,636
396.957,2024/06/14 12:05:34.4629,5,651
397.204,2024/06/14 12:05:34.7099,5,651
397.662,2024/06/14 12:05:35.1679,3,646
397.943,2024/06/14 12:05:35.4489,5,651
398.154,2024/06/14 12:05:35.6599,3,631
398.189,2024/06/14 12:05:35.6949,5,651
398.435,2024/06/14 12:05:35.9409,5,651
398.682,2024/06/14 12:05:36.1879,5,651
398.893,2024/06/14 12:05:36.3989,3,618
398.928,2024/06/14 12:05:36.4339,5,651
399.175,2024/06/14 12:05:36.6809,5,651
399.386,2024/06/14 12:05:36.8919,3,641
399.42,2024/06/14 12:05:36.9259,5,651
399.666,2024/06/14 12:05:37.1719,5,651
399.913,2024/06/14 12:05:37.4189,5,651
400.16,2024/06/14 12:05:37.6659,5,651
400.371,2024/06/14 12:05:37.8769,3,656
400.406,2024/06/14 12:05:37.9119,5,651
400.652,2024/06/14 12:05:38.1579,5,651
400.863,2024/06/14 12:05:38.3689,3,669
401.391,2024/06/14 12:05:38.8969,5,651
401.602,2024/06/14 12:05:39.1079,3,679
401.637,2024/06/14 12:05:39.1429,5,651
402.095,2024/06/14 12:05:39.6009,3,660
402.622,2024/06/14 12:05:40.1279,5,645
402.833,2024/06/14 12:05:40.3389,3,654
402.869,2024/06/14 12:05:40.3749,5,645
403.114,2024/06/14 12:05:40.6199,5,644
403.361,2024/06/14 12:05:40.8669,5,645
403.572,2024/06/14 12:05:41.0779,3,672
403.607,2024/06/14 12:05:41.1129,5,645
403.854,2024/06/14 12:05:41.3599,5,645
404.065,2024/06/14 12:05:41.5709,3,677
404.1,2024/06/14 12:05:41.6059,5,645
404.346,2024/06/14 12:05:41.8519,5,645
404.592,2024/06/14 12:05:42.0979,5,645
404.803,2024/06/14 12:05:42.3089,3,661
404.838,2024/06/14 12:05:42.3439,5,645
405.085,2024/06/14 12:05:42.5909,5,645
405.331,2024/06/14 12:05:42.8369,5,645
405.543,2024/06/14 12:05:43.0489,3,647
406.035,2024/06/14 12:05:43.5409,3,654
406.07,2024/06/14 12:05:43.5759,5,645
406.316,2024/06/14 12:05:43.8219,5,645
406.562,2024/06/14 12:05:44.0679,5,645
406.774,2024/06/14 12:05:44.2799,3,666
406.809,2024/06/14 12:05:44.3149,5,651
407.055,2024/06/14 12:05:44.5609,5,651
407.301,2024/06/14 12:05:44.8069,5,651
407.513,2024/06/14 12:05:45.0189,3,664
407.548,2024/06/14 12:05:45.0539,5,651
407.794,2024/06/14 12:05:45.2999,5,651
408.005,2024/06/14 12:05:45.5109,3,670
408.04,2024/06/14 12:05:45.5459,5,651
408.744,2024/06/14 12:05:46.2499,3,660
408.779,2024/06/14 12:05:46.2849,5,651
409.028,2024/06/14 12:05:46.5339,5,659
409.271,2024/06/14 12:05:46.7769,5,659
409.483,2024/06/14 12:05:46.9889,3,641
409.518,2024/06/14 12:05:47.0239,5,659
410.256,2024/06/14 12:05:47.7619,5,659
410.468,2024/06/14 12:05:47.9739,3,657
410.503,2024/06/14 12:05:48.0089,5,659
410.714,2024/06/14 12:05:48.2199,3,667
410.749,2024/06/14 12:05:48.2549,5,659
410.995,2024/06/14 12:05:48.5009,5,659
411.242,2024/06/14 12:05:48.7479,5,659
411.452,2024/06/14 12:05:48.9579,3,677
411.488,2024/06/14 12:05:48.9939,5,659
411.735,2024/06/14 12:05:49.2409,5,659
411.945,2024/06/14 12:05:49.4509,3,659
411.98,2024/06/14 12:05:49.4859,5,666
412.226,2024/06/14 12:05:49.7319,5,666
412.473,2024/06/14 12:05:49.9789,5,666
412.684,2024/06/14 12:05:50.1899,3,642
412.72,2024/06/14 12:05:50.2259,5,666
412.965,2024/06/14 12:05:50.4709,5,666
413.211,2024/06/14 12:05:50.7169,5,666
413.423,2024/06/14 12:05:50.9289,3,668
413.458,2024/06/14 12:05:50.9639,5,666
413.705,2024/06/14 12:05:51.2109,5,666
413.915,2024/06/14 12:05:51.4209,3,659
414.655,2024/06/14 12:05:52.1609,3,654
414.69,2024/06/14 12:05:52.1959,5,666
414.936,2024/06/14 12:05:52.4419,5,666
415.182,2024/06/14 12:05:52.6879,5,666
415.393,2024/06/14 12:05:52.8989,3,634
415.428,2024/06/14 12:05:52.9339,5,666
415.675,2024/06/14 12:05:53.1809,5,666
415.886,2024/06/14 12:05:53.3919,3,637
415.921,2024/06/14 12:05:53.4269,5,666
416.167,2024/06/14 12:05:53.6729,5,666
416.414,2024/06/14 12:05:53.9199,5,666
416.624,2024/06/14 12:05:54.1299,3,660
416.659,2024/06/14 12:05:54.1649,5,666
416.906,2024/06/14 12:05:54.4119,5,666
417.152,2024/06/14 12:05:54.6579,5,666
417.364,2024/06/14 12:05:54.8699,3,668
417.399,2024/06/14 12:05:54.9049,5,666
417.645,2024/06/14 12:05:55.1509,5,666
417.891,2024/06/14 12:05:55.3969,5,666
418.103,2024/06/14 12:05:55.6089,3,667
418.138,2024/06/14 12:05:55.6439,5,666
418.384,2024/06/14 12:05:55.8899,5,666
418.595,2024/06/14 12:05:56.1009,3,646
418.629,2024/06/14 12:05:56.1349,5,666
418.876,2024/06/14 12:05:56.3819,5,659
419.334,2024/06/14 12:05:56.8399,3,662
419.615,2024/06/14 12:05:57.1209,5,659
419.862,2024/06/14 12:05:57.3679,5,659
420.072,2024/06/14 12:05:57.5779,3,665
420.108,2024/06/14 12:05:57.6139,5,659
420.354,2024/06/14 12:05:57.8599,5,659
420.565,2024/06/14 12:05:58.0709,3,654
420.6,2024/06/14 12:05:58.1059,5,659
421.303,2024/06/14 12:05:58.8089,3,636
421.339,2024/06/14 12:05:58.8449,5,659
421.586,2024/06/14 12:05:59.0919,5,659
421.796,2024/06/14 12:05:59.3019,3,639
421.831,2024/06/14 12:05:59.3369,5,659
422.078,2024/06/14 12:05:59.5839,5,659
422.324,2024/06/14 12:05:59.8299,5,659
422.536,2024/06/14 12:06:00.0419,3,664
422.57,2024/06/14 12:06:00.0759,5,659
422.816,2024/06/14 12:06:00.3219,5,659
423.063,2024/06/14 12:06:00.5689,5,659
423.274,2024/06/14 12:06:00.7799,3,674
423.309,2024/06/14 12:06:00.8149,5,659
423.556,2024/06/14 12:06:01.0619,5,659
423.766,2024/06/14 12:06:01.2719,3,684
423.802,2024/06/14 12:06:01.3079,5,659
424.048,2024/06/14 12:06:01.5539,5,659
424.505,2024/06/14 12:06:02.0109,3,653
424.787,2024/06/14 12:06:02.2929,5,659
425.033,2024/06/14 12:06:02.5389,5,659
425.245,2024/06/14 12:06:02.7509,3,649
425.279,2024/06/14 12:06:02.7849,5,659
425.526,2024/06/14 12:06:03.0319,5,659
425.772,2024/06/14 12:06:03.2779,5,659
425.983,2024/06/14 12:06:03.4889,3,667
426.018,2024/06/14 12:06:03.5239,5,659
426.264,2024/06/14 12:06:03.7699,5,659
426.475,2024/06/14 12:06:03.9809,3,678
427.003,2024/06/14 12:06:04.5089,5,658
427.215,2024/06/14 12:06:04.7209,3,673
427.25,2024/06/14 12:06:04.7559,5,659
427.496,2024/06/14 12:06:05.0019,5,659
427.742,2024/06/14 12:06:05.2479,5,659
427.953,2024/06/14 12:06:05.4589,3,647
427.988,2024/06/14 12:06:05.4939,5,659
428.234,2024/06/14 12:06:05.7399,5,659
428.446,2024/06/14 12:06:05.9519,3,651
428.481,2024/06/14 12:06:05.9869,5,659
428.727,2024/06/14 12:06:06.2329,5,659
428.973,2024/06/14 12:06:06.4789,5,659
429.185,2024/06/14 12:06:06.6909,3,687
429.22,2024/06/14 12:06:06.7259,5,659
429.466,2024/06/14 12:06:06.9719,5,659
429.712,2024/06/14 12:06:07.2179,5,659
429.924,2024/06/14 12:06:07.4299,3,707
429.959,2024/06/14 12:06:07.4649,5,659
430.205,2024/06/14 12:06:07.7109,5,659
430.451,2024/06/14 12:06:07.9569,5,659
430.662,2024/06/14 12:06:08.1679,3,702
430.698,2024/06/14 12:06:08.2039,5,659
430.943,2024/06/14 12:06:08.4489,5,659
431.155,2024/06/14 12:06:08.6609,3,658
431.19,2024/06/14 12:06:08.6959,5,659
431.436,2024/06/14 12:06:08.9419,5,659
431.682,2024/06/14 12:06:09.1879,5,659
431.893,2024/06/14 12:06:09.3989,3,644
431.929,2024/06/14 12:06:09.4349,5,666
432.175,2024/06/14 12:06:09.6809,5,666
432.422,2024/06/14 12:06:09.9279,5,666
432.632,2024/06/14 12:06:10.1379,3,667
432.668,2024/06/14 12:06:10.1739,5,666
432.914,2024/06/14 12:06:10.4199,5,666
433.125,2024/06/14 12:06:10.6309,3,680
433.16,2024/06/14 12:06:10.6659,5,666
433.864,2024/06/14 12:06:11.3699,3,667
433.899,2024/06/14 12:06:11.4049,5,666
434.145,2024/06/14 12:06:11.6509,5,666
434.391,2024/06/14 12:06:11.8969,5,666
434.603,2024/06/14 12:06:12.1089,3,635
435.131,2024/06/14 12:06:12.6369,5,666
435.377,2024/06/14 12:06:12.8829,5,666
435.587,2024/06/14 12:06:13.0929,3,636
435.622,2024/06/14 12:06:13.1279,5,666
435.834,2024/06/14 12:06:13.3399,3,652
435.869,2024/06/14 12:06:13.3749,5,674
436.115,2024/06/14 12:06:13.6209,5,674
436.362,2024/06/14 12:06:13.8679,5,674
436.573,2024/06/14 12:06:14.0789,3,673
436.608,2024/06/14 12:06:14.1139,5,674
436.855,2024/06/14 12:06:14.3609,5,674
437.065,2024/06/14 12:06:14.5709,3,675
437.101,2024/06/14 12:06:14.6069,5,674
437.347,2024/06/14 12:06:14.8529,5,674
437.593,2024/06/14 12:06:15.0989,5,674
437.804,2024/06/14 12:06:15.3099,3,651
437.839,2024/06/14 12:06:15.3449,5,674
438.086,2024/06/14 12:06:15.5919,5,674
438.331,2024/06/14 12:06:15.8369,5,674
438.543,2024/06/14 12:06:16.0489,3,639
438.578,2024/06/14 12:06:16.0839,5,674
438.825,2024/06/14 12:06:16.3309,5,674
439.035,2024/06/14 12:06:16.5409,3,655
439.071,2024/06/14 12:06:16.5769,5,674
439.317,2024/06/14 12:06:16.8229,5,674
439.564,2024/06/14 12:06:17.0699,5,674
439.774,2024/06/14 12:06:17.2799,3,663
439.809,2024/06/14 12:06:17.3149,5,666
440.055,2024/06/14 12:06:17.5609,5,666
440.302,2024/06/14 12:06:17.8079,5,666
440.513,2024/06/14 12:06:18.0189,3,665
440.548,2024/06/14 12:06:18.0539,5,666
440.795,2024/06/14 12:06:18.3009,5,666
441.005,2024/06/14 12:06:18.5109,3,639
441.041,2024/06/14 12:06:18.5469,5,666
441.287,2024/06/14 12:06:18.7929,5,666
441.533,2024/06/14 12:06:19.0389,5,666
441.745,2024/06/14 12:06:19.2509,3,632
442.272,2024/06/14 12:06:19.7779,5,666
442.483,2024/06/14 12:06:19.9889,3,660
443.011,2024/06/14 12:06:20.5169,5,659
443.222,2024/06/14 12:06:20.7279,3,681
443.257,2024/06/14 12:06:20.7629,5,659
443.503,2024/06/14 12:06:21.0089,5,659
443.714,2024/06/14 12:06:21.2199,3,695
443.75,2024/06/14 12:06:21.2559,5,659
443.996,2024/06/14 12:06:21.5019,5,659
444.243,2024/06/14 12:06:21.7489,5,659
444.453,2024/06/14 12:06:21.9589,3,670
444.489,2024/06/14 12:06:21.9949,5,659
444.735,2024/06/14 12:06:22.2409,5,659
444.981,2024/06/14 12:06:22.4869,5,659
445.193,2024/06/14 12:06:22.6989,3,652
445.227,2024/06/14 12:06:22.7329,5,659
445.474,2024/06/14 12:06:22.9799,5,659
445.685,2024/06/14 12:06:23.1909,3,663
445.72,2024/06/14 12:06:23.2259,5,659
445.967,2024/06/14 12:06:23.4729,5,659
446.213,2024/06/14 12:06:23.7189,5,659
446.424,2024/06/14 12:06:23.9299,3,658
446.916,2024/06/14 12:06:24.4219,3,646
446.951,2024/06/14 12:06:24.4569,5,659
447.198,2024/06/14 12:06:24.7039,5,659
447.444,2024/06/14 12:06:24.9499,5,659
447.655,2024/06/14 12:06:25.1609,3,629
447.691,2024/06/14 12:06:25.1969,5,659
447.937,2024/06/14 12:06:25.4429,5,659
448.182,2024/06/14 12:06:25.6879,5,659
448.394,2024/06/14 12:06:25.8999,3,634
448.429,2024/06/14 12:06:25.9349,5,659
448.675,2024/06/14 12:06:26.1809,5,659
448.886,2024/06/14 12:06:26.3919,3,647
449.415,2024/06/14 12:06:26.9209,5,659
449.872,2024/06/14 12:06:27.3779,3,665
450.153,2024/06/14 12:06:27.6589,5,659
450.364,2024/06/14 12:06:27.8699,3,651
450.4,2024/06/14 12:06:27.9059,5,659
450.646,2024/06/14 12:06:28.1519,5,658
450.857,2024/06/14 12:06:28.3629,3,643
450.892,2024/06/14 12:06:28.3979,5,659
451.139,2024/06/14 12:06:28.6449,5,659
451.384,2024/06/14 12:06:28.8899,5,659
451.595,2024/06/14 12:06:29.1009,3,664
451.631,2024/06/14 12:06:29.1369,5,659
452.334,2024/06/14 12:06:29.8399,3,662
452.37,2024/06/14 12:06:29.8759,5,659
452.615,2024/06/14 12:06:30.1209,5,659
452.827,2024/06/14 12:06:30.3329,3,657
452.862,2024/06/14 12:06:30.3679,5,659
453.108,2024/06/14 12:06:30.6139,5,659
453.355,2024/06/14 12:06:30.8609,5,659
453.566,2024/06/14 12:06:31.0719,3,640
453.601,2024/06/14 12:06:31.1069,5,659
453.847,2024/06/14 12:06:31.3529,5,659
454.093,2024/06/14 12:06:31.5989,5,659
454.34,2024/06/14 12:06:31.8459,5,659
454.55,2024/06/14 12:06:32.0559,3,648
454.586,2024/06/14 12:06:32.0919,5,659
454.797,2024/06/14 12:06:32.3029,3,668
455.325,2024/06/14 12:06:32.8309,5,659
455.535,2024/06/14 12:06:33.0409,3,668
455.571,2024/06/14 12:06:33.0769,5,659
455.818,2024/06/14 12:06:33.3239,5,651
456.064,2024/06/14 12:06:33.5699,5,651
456.31,2024/06/14 12:06:33.8159,5,651
456.521,2024/06/14 12:06:34.0269,3,646
456.557,2024/06/14 12:06:34.0629,5,651
456.767,2024/06/14 12:06:34.2729,3,638
456.802,2024/06/14 12:06:34.3079,5,651
457.048,2024/06/14 12:06:34.5539,5,651
457.295,2024/06/14 12:06:34.8009,5,651
457.505,2024/06/14 12:06:35.0109,3,662
457.541,2024/06/14 12:06:35.0469,5,651
458.245,2024/06/14 12:06:35.7509,3,672
458.28,2024/06/14 12:06:35.7859,5,651
458.527,2024/06/14 12:06:36.0329,5,651
458.737,2024/06/14 12:06:36.2429,3,694
458.772,2024/06/14 12:06:36.2779,5,651
459.02,2024/06/14 12:06:36.5259,5,651
459.265,2024/06/14 12:06:36.7709,5,651
459.476,2024/06/14 12:06:36.9819,3,649
459.511,2024/06/14 12:06:37.0169,5,651
459.758,2024/06/14 12:06:37.2639,5,651
460.004,2024/06/14 12:06:37.5099,5,659
460.214,2024/06/14 12:06:37.7199,3,631
460.25,2024/06/14 12:06:37.7559,5,659
460.497,2024/06/14 12:06:38.0029,5,659
460.708,2024/06/14 12:06:38.2139,3,649
460.742,2024/06/14 12:06:38.2479,5,659
460.989,2024/06/14 12:06:38.4949,5,659
461.236,2024/06/14 12:06:38.7419,5,659
461.446,2024/06/14 12:06:38.9519,3,655
461.481,2024/06/14 12:06:38.9869,5,659
461.728,2024/06/14 12:06:39.2339,5,659
461.974,2024/06/14 12:06:39.4799,5,659
462.185,2024/06/14 12:06:39.6909,3,670
462.22,2024/06/14 12:06:39.7259,5,659
462.467,2024/06/14 12:06:39.9729,5,659
462.677,2024/06/14 12:06:40.1829,3,669
462.713,2024/06/14 12:06:40.2189,5,659
462.96,2024/06/14 12:06:40.4659,5,659
463.417,2024/06/14 12:06:40.9229,3,648
463.944,2024/06/14 12:06:41.4499,5,659
464.155,2024/06/14 12:06:41.6609,3,672
464.191,2024/06/14 12:06:41.6969,5,659
464.437,2024/06/14 12:06:41.9429,5,659
464.683,2024/06/14 12:06:42.1889,5,659
464.93,2024/06/14 12:06:42.4359,5,659
465.14,2024/06/14 12:06:42.6459,3,673
465.176,2024/06/14 12:06:42.6819,5,659
465.387,2024/06/14 12:06:42.8929,3,675
465.422,2024/06/14 12:06:42.9279,5,659
465.669,2024/06/14 12:06:43.1749,5,659
465.915,2024/06/14 12:06:43.4209,5,659
466.126,2024/06/14 12:06:43.6319,3,658
466.161,2024/06/14 12:06:43.6669,5,659
466.407,2024/06/14 12:06:43.9129,5,659
466.653,2024/06/14 12:06:44.1589,5,659
466.864,2024/06/14 12:06:44.3699,3,646
466.9,2024/06/14 12:06:44.4059,5,659
467.357,2024/06/14 12:06:44.8629,3,657
467.638,2024/06/14 12:06:45.1439,5,659
468.095,2024/06/14 12:06:45.6009,3,660
468.377,2024/06/14 12:06:45.8829,5,659
468.588,2024/06/14 12:06:46.0939,3,678
468.624,2024/06/14 12:06:46.1299,5,659
468.87,2024/06/14 12:06:46.3759,5,659
469.117,2024/06/14 12:06:46.6229,5,659
469.327,2024/06/14 12:06:46.8329,3,651
469.363,2024/06/14 12:06:46.8689,5,659
469.609,2024/06/14 12:06:47.1149,5,659
469.856,2024/06/14 12:06:47.3619,5,666
470.102,2024/06/14 12:06:47.6079,5,666
470.312,2024/06/14 12:06:47.8179,3,634
470.348,2024/06/14 12:06:47.8539,5,666
470.558,2024/06/14 12:06:48.0639,3,662
470.594,2024/06/14 12:06:48.0999,5,666
471.297,2024/06/14 12:06:48.8029,3,670
471.333,2024/06/14 12:06:48.8389,5,666
471.579,2024/06/14 12:06:49.0849,5,666
471.825,2024/06/14 12:06:49.3309,5,666
472.036,2024/06/14 12:06:49.5419,3,665
472.072,2024/06/14 12:06:49.5779,5,666
472.318,2024/06/14 12:06:49.8239,5,666
472.564,2024/06/14 12:06:50.0699,5,666
472.775,2024/06/14 12:06:50.2809,3,648
472.811,2024/06/14 12:06:50.3169,5,666
473.057,2024/06/14 12:06:50.5629,5,666
473.303,2024/06/14 12:06:50.8089,5,666
473.513,2024/06/14 12:06:51.0189,3,636
473.549,2024/06/14 12:06:51.0549,5,666
474.252,2024/06/14 12:06:51.7579,3,667
474.288,2024/06/14 12:06:51.7939,5,666
474.535,2024/06/14 12:06:52.0409,5,665
474.745,2024/06/14 12:06:52.2509,3,688
474.781,2024/06/14 12:06:52.2869,5,666
475.026,2024/06/14 12:06:52.5319,5,666
475.238,2024/06/14 12:06:52.7439,3,685
475.274,2024/06/14 12:06:52.7799,5,666
475.52,2024/06/14 12:06:53.0259,5,666
475.766,2024/06/14 12:06:53.2719,5,666
475.976,2024/06/14 12:06:53.4819,3,671
476.505,2024/06/14 12:06:54.0109,5,666
476.715,2024/06/14 12:06:54.2209,3,656
476.751,2024/06/14 12:06:54.2569,5,666
476.997,2024/06/14 12:06:54.5029,5,666
477.243,2024/06/14 12:06:54.7489,5,666
477.454,2024/06/14 12:06:54.9599,3,675
477.947,2024/06/14 12:06:55.4529,3,675
477.982,2024/06/14 12:06:55.4879,5,666
478.229,2024/06/14 12:06:55.7349,5,666
478.475,2024/06/14 12:06:55.9809,5,666
478.685,2024/06/14 12:06:56.1909,3,663
478.721,2024/06/14 12:06:56.2269,5,666
478.967,2024/06/14 12:06:56.4729,5,666
479.178,2024/06/14 12:06:56.6839,3,640
479.213,2024/06/14 12:06:56.7189,5,666
479.46,2024/06/14 12:06:56.9659,5,666
479.706,2024/06/14 12:06:57.2119,5,666
479.917,2024/06/14 12:06:57.4229,3,639
479.953,2024/06/14 12:06:57.4589,5,666
480.655,2024/06/14 12:06:58.1609,3,661
480.691,2024/06/14 12:06:58.1969,5,666
480.937,2024/06/14 12:06:58.4429,5,666
481.184,2024/06/14 12:06:58.6899,5,666
481.394,2024/06/14 12:06:58.8999,3,677
481.43,2024/06/14 12:06:58.9359,5,666
481.677,2024/06/14 12:06:59.1829,5,666
481.887,2024/06/14 12:06:59.3929,3,665
481.923,2024/06/14 12:06:59.4289,5,666
482.626,2024/06/14 12:07:00.1319,3,640
483.364,2024/06/14 12:07:00.8699,3,637
483.646,2024/06/14 12:07:01.1519,5,666
483.857,2024/06/14 12:07:01.3629,3,642
484.35,2024/06/14 12:07:01.8559,3,641
484.386,2024/06/14 12:07:01.8919,5,666
484.632,2024/06/14 12:07:02.1379,5,666
484.877,2024/06/14 12:07:02.3829,5,666
485.124,2024/06/14 12:07:02.6299,5,666
485.334,2024/06/14 12:07:02.8399,3,631
485.37,2024/06/14 12:07:02.8759,5,666
485.581,2024/06/14 12:07:03.0869,3,617
485.617,2024/06/14 12:07:03.1229,5,666
485.863,2024/06/14 12:07:03.3689,5,666
486.109,2024/06/14 12:07:03.6149,5,666
486.32,2024/06/14 12:07:03.8259,3,632
486.355,2024/06/14 12:07:03.8609,5,666
486.602,2024/06/14 12:07:04.1079,5,666
487.058,2024/06/14 12:07:04.5639,3,639
487.34,2024/06/14 12:07:04.8459,5,659
487.551,2024/06/14 12:07:05.0569,3,645
487.587,2024/06/14 12:07:05.0929,5,659
487.833,2024/06/14 12:07:05.3389,5,659
488.079,2024/06/14 12:07:05.5849,5,659
488.292,2024/06/14 12:07:05.7979,3,626
488.326,2024/06/14 12:07:05.8319,5,659
488.572,2024/06/14 12:07:06.0779,5,659
488.818,2024/06/14 12:07:06.3239,5,659
489.029,2024/06/14 12:07:06.5349,3,621
489.065,2024/06/14 12:07:06.5709,5,659
489.311,2024/06/14 12:07:06.8169,5,659
489.521,2024/06/14 12:07:07.0269,3,645
489.557,2024/06/14 12:07:07.0629,5,659
490.26,2024/06/14 12:07:07.7659,3,667
490.296,2024/06/14 12:07:07.8019,5,651
490.542,2024/06/14 12:07:08.0479,5,651
490.753,2024/06/14 12:07:08.2589,3,678
490.789,2024/06/14 12:07:08.2949,5,651
491.035,2024/06/14 12:07:08.5409,5,651
491.281,2024/06/14 12:07:08.7869,5,651
491.491,2024/06/14 12:07:08.9969,3,649
491.527,2024/06/14 12:07:09.0329,5,651
492.23,2024/06/14 12:07:09.7359,3,635
492.267,2024/06/14 12:07:09.7729,5,645
492.512,2024/06/14 12:07:10.0179,5,645
492.723,2024/06/14 12:07:10.2289,3,642
492.759,2024/06/14 12:07:10.2649,5,645
493.005,2024/06/14 12:07:10.5109,5,645
493.251,2024/06/14 12:07:10.7569,5,645
493.461,2024/06/14 12:07:10.9669,3,651
493.497,2024/06/14 12:07:11.0029,5,645
493.744,2024/06/14 12:07:11.2499,5,645
493.99,2024/06/14 12:07:11.4959,5,645
494.2,2024/06/14 12:07:11.7059,3,655
494.237,2024/06/14 12:07:11.7429,5,645
494.483,2024/06/14 12:07:11.9889,5,645
494.693,2024/06/14 12:07:12.1989,3,656
494.728,2024/06/14 12:07:12.2339,5,645
494.975,2024/06/14 12:07:12.4809,5,645
495.221,2024/06/14 12:07:12.7269,5,645
495.432,2024/06/14 12:07:12.9379,3,632
495.467,2024/06/14 12:07:12.9729,5,645
495.714,2024/06/14 12:07:13.2199,5,645
495.96,2024/06/14 12:07:13.4659,5,645
496.17,2024/06/14 12:07:13.6759,3,633
496.663,2024/06/14 12:07:14.1689,3,643
497.191,2024/06/14 12:07:14.6969,5,645
497.402,2024/06/14 12:07:14.9079,3,655
497.438,2024/06/14 12:07:14.9439,5,645
497.684,2024/06/14 12:07:15.1899,5,645
497.895,2024/06/14 12:07:15.4009,3,641
497.931,2024/06/14 12:07:15.4369,5,651
498.177,2024/06/14 12:07:15.6829,5,651
498.424,2024/06/14 12:07:15.9299,5,651
498.633,2024/06/14 12:07:16.1389,3,625
498.67,2024/06/14 12:07:16.1759,5,650
498.915,2024/06/14 12:07:16.4209,5,651
499.126,2024/06/14 12:07:16.6319,3,619
499.654,2024/06/14 12:07:17.1599,5,651
499.901,2024/06/14 12:07:17.4069,5,651
500.111,2024/06/14 12:07:17.6169,3,636
500.147,2024/06/14 12:07:17.6529,5,651
500.393,2024/06/14 12:07:17.8989,5,651
500.604,2024/06/14 12:07:18.1099,3,641
500.64,2024/06/14 12:07:18.1459,5,651
500.886,2024/06/14 12:07:18.3919,5,651
501.096,2024/06/14 12:07:18.6019,3,640
501.132,2024/06/14 12:07:18.6379,5,651
501.378,2024/06/14 12:07:18.8839,5,651
501.589,2024/06/14 12:07:19.0949,3,623
501.626,2024/06/14 12:07:19.1319,5,651
501.871,2024/06/14 12:07:19.3769,5,651
502.327,2024/06/14 12:07:19.8329,3,612
502.609,2024/06/14 12:07:20.1149,5,651
502.856,2024/06/14 12:07:20.3619,5,651
503.066,2024/06/14 12:07:20.5719,3,624
503.102,2024/06/14 12:07:20.6079,5,651
503.349,2024/06/14 12:07:20.8549,5,651
503.558,2024/06/14 12:07:21.0639,3,634
503.595,2024/06/14 12:07:21.1009,5,651
503.841,2024/06/14 12:07:21.3469,5,645
504.087,2024/06/14 12:07:21.5929,5,645
504.297,2024/06/14 12:07:21.8029,3,634
504.333,2024/06/14 12:07:21.8389,5,645
504.58,2024/06/14 12:07:22.0859,5,645
504.79,2024/06/14 12:07:22.2959,3,627
504.826,2024/06/14 12:07:22.3319,5,645
505.072,2024/06/14 12:07:22.5779,5,645
505.319,2024/06/14 12:07:22.8249,5,645
505.529,2024/06/14 12:07:23.0349,3,611
506.021,2024/06/14 12:07:23.5269,3,610
506.058,2024/06/14 12:07:23.5639,5,638
506.304,2024/06/14 12:07:23.8099,5,638
506.55,2024/06/14 12:07:24.0559,5,638
506.761,2024/06/14 12:07:24.2669,3,618
506.796,2024/06/14 12:07:24.3019,5,638
507.043,2024/06/14 12:07:24.5489,5,638
507.252,2024/06/14 12:07:24.7579,3,631
507.289,2024/06/14 12:07:24.7949,5,638
507.536,2024/06/14 12:07:25.0419,5,638
507.992,2024/06/14 12:07:25.4979,3,620
508.274,2024/06/14 12:07:25.7799,5,631
508.485,2024/06/14 12:07:25.9909,3,604
508.52,2024/06/14 12:07:26.0259,5,631
508.766,2024/06/14 12:07:26.2719,5,631
509.013,2024/06/14 12:07:26.5189,5,631
509.223,2024/06/14 12:07:26.7289,3,603
509.259,2024/06/14 12:07:26.7649,5,631
509.505,2024/06/14 12:07:27.0109,5,631
509.716,2024/06/14 12:07:27.2219,3,616
509.752,2024/06/14 12:07:27.2579,5,631
509.998,2024/06/14 12:07:27.5039,5,631
510.244,2024/06/14 12:07:27.7499,5,631
510.454,2024/06/14 12:07:27.9599,3,618
510.491,2024/06/14 12:07:27.9969,5,631
510.738,2024/06/14 12:07:28.2439,5,631
510.947,2024/06/14 12:07:28.4529,3,618
510.983,2024/06/14 12:07:28.4889,5,631
511.229,2024/06/14 12:07:28.7349,5,631
511.439,2024/06/14 12:07:28.9449,3,603
511.475,2024/06/14 12:07:28.9809,5,631
511.722,2024/06/14 12:07:29.2279,5,631
512.178,2024/06/14 12:07:29.6839,3,598
512.671,2024/06/14 12:07:30.1769,3,613
512.953,2024/06/14 12:07:30.4589,5,625
513.2,2024/06/14 12:07:30.7059,5,625
513.409,2024/06/14 12:07:30.9149,3,616
513.445,2024/06/14 12:07:30.9509,5,625
513.692,2024/06/14 12:07:31.1979,5,625
513.902,2024/06/14 12:07:31.4079,3,616
513.938,2024/06/14 12:07:31.4439,5,625
514.185,2024/06/14 12:07:31.6909,5,625
514.431,2024/06/14 12:07:31.9369,5,625
514.641,2024/06/14 12:07:32.1469,3,602
514.677,2024/06/14 12:07:32.1829,5,625
514.924,2024/06/14 12:07:32.4299,5,625
515.133,2024/06/14 12:07:32.6389,3,600
515.17,2024/06/14 12:07:32.6759,5,625
515.416,2024/06/14 12:07:32.9219,5,625
515.663,2024/06/14 12:07:33.1689,5,625
515.872,2024/06/14 12:07:33.3779,3,612
515.909,2024/06/14 12:07:33.4149,5,618
516.154,2024/06/14 12:07:33.6599,5,618
516.365,2024/06/14 12:07:33.8709,3,616
516.401,2024/06/14 12:07:33.9069,5,618
516.647,2024/06/14 12:07:34.1529,5,618
516.894,2024/06/14 12:07:34.3999,5,618
517.103,2024/06/14 12:07:34.6089,3,618
517.14,2024/06/14 12:07:34.6459,5,618
517.843,2024/06/14 12:07:35.3489,3,609
517.878,2024/06/14 12:07:35.3839,5,618
518.125,2024/06/14 12:07:35.6309,5,618
518.335,2024/06/14 12:07:35.8409,3,608
518.371,2024/06/14 12:07:35.8769,5,618
518.618,2024/06/14 12:07:36.1239,5,618
518.827,2024/06/14 12:07:36.3329,3,613
518.864,2024/06/14 12:07:36.3699,5,618
519.11,2024/06/14 12:07:36.6159,5,618
519.357,2024/06/14 12:07:36.8629,5,618
519.566,2024/06/14 12:07:37.0719,3,608
519.603,2024/06/14 12:07:37.1089,5,618
519.849,2024/06/14 12:07:37.3549,5,605
520.059,2024/06/14 12:07:37.5649,3,601
520.095,2024/06/14 12:07:37.6009,5,605
520.342,2024/06/14 12:07:37.8479,5,605
520.588,2024/06/14 12:07:38.0939,5,605
520.798,2024/06/14 12:07:38.3039,3,600
520.834,2024/06/14 12:07:38.3399,5,605
521.08,2024/06/14 12:07:38.5859,5,605
521.291,2024/06/14 12:07:38.7969,3,619
521.326,2024/06/14 12:07:38.8319,5,605
522.029,2024/06/14 12:07:39.5349,3,624
522.066,2024/06/14 12:07:39.5719,5,611
522.311,2024/06/14 12:07:39.8169,5,611
522.522,2024/06/14 12:07:40.0279,3,620
522.558,2024/06/14 12:07:40.0639,5,611
522.804,2024/06/14 12:07:40.3099,5,611
523.05,2024/06/14 12:07:40.5559,5,611
523.26,2024/06/14 12:07:40.7659,3,602
523.297,2024/06/14 12:07:40.8029,5,611
523.543,2024/06/14 12:07:41.0489,5,610
523.753,2024/06/14 12:07:41.2589,3,595
523.79,2024/06/14 12:07:41.2959,5,611
524.036,2024/06/14 12:07:41.5419,5,611
524.245,2024/06/14 12:07:41.7509,3,603
524.282,2024/06/14 12:07:41.7879,5,611
524.528,2024/06/14 12:07:42.0339,5,611
524.775,2024/06/14 12:07:42.2809,5,611
524.984,2024/06/14 12:07:42.4899,3,607
525.021,2024/06/14 12:07:42.5269,5,611
525.267,2024/06/14 12:07:42.7729,5,611
525.514,2024/06/14 12:07:43.0199,5,611
525.723,2024/06/14 12:07:43.2289,3,621
525.759,2024/06/14 12:07:43.2649,5,611
526.005,2024/06/14 12:07:43.5109,5,611
526.216,2024/06/14 12:07:43.7219,3,632
526.252,2024/06/14 12:07:43.7579,5,611
526.498,2024/06/14 12:07:44.0039,5,611
526.745,2024/06/14 12:07:44.2509,5,611
526.954,2024/06/14 12:07:44.4599,3,622
526.991,2024/06/14 12:07:44.4969,5,611
527.237,2024/06/14 12:07:44.7429,5,611
527.447,2024/06/14 12:07:44.9529,3,614
527.484,2024/06/14 12:07:44.9899,5,611
527.73,2024/06/14 12:07:45.2359,5,611
527.976,2024/06/14 12:07:45.4819,5,611
528.432,2024/06/14 12:07:45.9379,3,624
528.925,2024/06/14 12:07:46.4309,3,639
529.207,2024/06/14 12:07:46.7129,5,611
529.417,2024/06/14 12:07:46.9229,3,658
529.454,2024/06/14 12:07:46.9599,5,611
529.7,2024/06/14 12:07:47.2059,5,611
529.946,2024/06/14 12:07:47.4519,5,611
530.156,2024/06/14 12:07:47.6619,3,650
530.193,2024/06/14 12:07:47.6989,5,611
530.438,2024/06/14 12:07:47.9439,5,611
530.649,2024/06/14 12:07:48.1549,3,630
530.685,2024/06/14 12:07:48.1909,5,611
530.931,2024/06/14 12:07:48.4369,5,611
531.178,2024/06/14 12:07:48.6839,5,611
531.387,2024/06/14 12:07:48.8929,3,635
531.424,2024/06/14 12:07:48.9299,5,611
531.67,2024/06/14 12:07:49.1759,5,611
532.126,2024/06/14 12:07:49.6319,3,647
532.409,2024/06/14 12:07:49.9149,5,611
532.619,2024/06/14 12:07:50.1249,3,663
532.655,2024/06/14 12:07:50.1609,5,611
532.902,2024/06/14 12:07:50.4079,5,618
533.147,2024/06/14 12:07:50.6529,5,618
533.358,2024/06/14 12:07:50.8639,3,669
533.394,2024/06/14 12:07:50.8999,5,618
533.64,2024/06/14 12:07:51.1459,5,618
533.887,2024/06/14 12:07:51.3929,5,618
534.096,2024/06/14 12:07:51.6019,3,641
534.133,2024/06/14 12:07:51.6389,5,618
534.379,2024/06/14 12:07:51.8849,5,618
534.589,2024/06/14 12:07:52.0949,3,643
534.625,2024/06/14 12:07:52.1309,5,618
534.872,2024/06/14 12:07:52.3779,5,631
535.118,2024/06/14 12:07:52.6239,5,631
535.328,2024/06/14 12:07:52.8339,3,651
535.364,2024/06/14 12:07:52.8699,5,631
535.611,2024/06/14 12:07:53.1169,5,631
535.857,2024/06/14 12:07:53.3629,5,631
536.067,2024/06/14 12:07:53.5729,3,677
536.104,2024/06/14 12:07:53.6099,5,631
536.349,2024/06/14 12:07:53.8549,5,631
536.56,2024/06/14 12:07:54.0659,3,661
536.595,2024/06/14 12:07:54.1009,5,631
537.298,2024/06/14 12:07:54.8039,3,648
537.335,2024/06/14 12:07:54.8409,5,631
537.581,2024/06/14 12:07:55.0869,5,631
537.791,2024/06/14 12:07:55.2969,3,648
537.828,2024/06/14 12:07:55.3339,5,631
538.073,2024/06/14 12:07:55.5789,5,631
538.319,2024/06/14 12:07:55.8249,5,631
538.529,2024/06/14 12:07:56.0349,3,654
538.566,2024/06/14 12:07:56.0719,5,631
538.813,2024/06/14 12:07:56.3189,5,631
539.058,2024/06/14 12:07:56.5639,5,631
539.268,2024/06/14 12:07:56.7739,3,651
539.304,2024/06/14 12:07:56.8099,5,631
539.551,2024/06/14 12:07:57.0569,5,631
539.761,2024/06/14 12:07:57.2669,3,609
539.797,2024/06/14 12:07:57.3029,5,631
540.044,2024/06/14 12:07:57.5499,5,638
540.253,2024/06/14 12:07:57.7589,3,606
540.29,2024/06/14 12:07:57.7959,5,638
540.992,2024/06/14 12:07:58.4979,3,614
541.029,2024/06/14 12:07:58.5349,5,638
541.275,2024/06/14 12:07:58.7809,5,638
541.485,2024/06/14 12:07:58.9909,3,601
541.521,2024/06/14 12:07:59.0269,5,638
541.767,2024/06/14 12:07:59.2729,5,638
542.014,2024/06/14 12:07:59.5199,5,638
542.224,2024/06/14 12:07:59.7299,3,591
542.716,2024/06/14 12:08:00.2219,3,592
543.245,2024/06/14 12:08:00.7509,5,638
543.491,2024/06/14 12:08:00.9969,5,638
543.701,2024/06/14 12:08:01.2069,3,614
543.738,2024/06/14 12:08:01.2439,5,638
543.947,2024/06/14 12:08:01.4529,3,619
543.984,2024/06/14 12:08:01.4899,5,638
544.23,2024/06/14 12:08:01.7359,5,638
544.476,2024/06/14 12:08:01.9819,5,638
544.687,2024/06/14 12:08:02.1929,3,594
544.723,2024/06/14 12:08:02.2289,5,638
544.969,2024/06/14 12:08:02.4749,5,645
545.179,2024/06/14 12:08:02.6849,3,599
545.216,2024/06/14 12:08:02.7219,5,645
545.462,2024/06/14 12:08:02.9679,5,645
545.708,2024/06/14 12:08:03.2139,5,645
545.918,2024/06/14 12:08:03.4239,3,616
545.954,2024/06/14 12:08:03.4599,5,645
546.2,2024/06/14 12:08:03.7059,5,645
546.409,2024/06/14 12:08:03.9149,3,634
546.447,2024/06/14 12:08:03.9529,5,645
546.693,2024/06/14 12:08:04.1989,5,645
546.94,2024/06/14 12:08:04.4459,5,645
547.149,2024/06/14 12:08:04.6549,3,642
547.186,2024/06/14 12:08:04.6919,5,645
547.431,2024/06/14 12:08:04.9369,5,645
547.642,2024/06/14 12:08:05.1479,3,615
547.678,2024/06/14 12:08:05.1839,5,645
547.924,2024/06/14 12:08:05.4299,5,645
548.171,2024/06/14 12:08:05.6769,5,645
548.38,2024/06/14 12:08:05.8859,3,612
548.417,2024/06/14 12:08:05.9229,5,645
548.663,2024/06/14 12:08:06.1689,5,644
548.91,2024/06/14 12:08:06.4159,5,645
549.119,2024/06/14 12:08:06.6249,3,634
549.156,2024/06/14 12:08:06.6619,5,645
549.402,2024/06/14 12:08:06.9079,5,645
549.648,2024/06/14 12:08:07.1539,5,645
549.895,2024/06/14 12:08:07.4009,5,625
550.104,2024/06/14 12:08:07.6099,3,647
550.141,2024/06/14 12:08:07.6469,5,625
550.35,2024/06/14 12:08:07.8559,3,680
550.387,2024/06/14 12:08:07.8929,5,625
550.634,2024/06/14 12:08:08.1399,5,625
550.88,2024/06/14 12:08:08.3859,5,618
551.089,2024/06/14 12:08:08.5949,3,697
551.126,2024/06/14 12:08:08.6319,5,618
551.828,2024/06/14 12:08:09.3339,3,691
551.864,2024/06/14 12:08:09.3699,5,618
552.111,2024/06/14 12:08:09.6169,5,618
552.321,2024/06/14 12:08:09.8269,3,649
552.357,2024/06/14 12:08:09.8629,5,618
552.604,2024/06/14 12:08:10.1099,5,618
553.06,2024/06/14 12:08:10.5659,3,654
553.342,2024/06/14 12:08:10.8479,5,618
553.798,2024/06/14 12:08:11.3039,3,668
554.081,2024/06/14 12:08:11.5869,5,625
554.291,2024/06/14 12:08:11.7969,3,683
554.328,2024/06/14 12:08:11.8339,5,625
